Condiciones ambientales.Territorio y climatología.Territorio. Extensión. Unidad: km2. Fuente: Consejería de Medio Ambiente, Vivienda y Agricultura.;
Serie;;;2022
Comunidad de Madrid;;Comunidad de Madrid;8030.88;
Zonas Estadísticas;01;Municipio de Madrid ;604.98;
Zonas Estadísticas;02;Norte Metropolitano ;422.50;
Zonas Estadísticas;03;Este Metropolitano  ;414.89;
Zonas Estadísticas;04;Sur Metropolitano   ;754.39;
Zonas Estadísticas;05;Oeste Metropolitano ;497.03;
Zonas Estadísticas;06;Sierra Norte        ;1345.64;
Zonas Estadísticas;07;Nordeste Comunidad  ;396.89;
Zonas Estadísticas;08;Sudeste Comunidad   ;1453.33;
Zonas Estadísticas;09;Sudoeste Comunidad  ;603.91;
Zonas Estadísticas;10;Sierra Sur          ;741.18;
Zonas Estadísticas;11;Sierra Central      ;796.16;
Municipios;0014;Acebeda (La);21.88;
Municipios;0029;Ajalvir;19.80;
Municipios;0035;Alameda del Valle;25.74;
Municipios;0040;Alamo (El);22.01;
Municipios;0053;Alcalá de Henares;87.99;
Municipios;0066;Alcobendas;45.27;
Municipios;0072;Alcorcón;33.60;
Municipios;0088;Aldea del Fresno;51.69;
Municipios;0091;Algete;37.95;
Municipios;0105;Alpedrete;12.67;
Municipios;0112;Ambite;25.82;
Municipios;0127;Anchuelo;21.61;
Municipios;0133;Aranjuez;189.17;
Municipios;0148;Arganda del Rey;80.32;
Municipios;0151;Arroyomolinos;20.81;
Municipios;0164;Atazar (El);28.44;
Municipios;0170;Batres;21.38;
Municipios;0186;Becerril de la Sierra;29.66;
Municipios;0199;Belmonte de Tajo;24.09;
Municipios;0210;Berrueco (El);28.43;
Municipios;0203;Berzosa del Lozoya;14.63;
Municipios;0225;Boadilla del Monte;47.49;
Municipios;0231;Boalo (El);40.13;
Municipios;0246;Braojos;24.95;
Municipios;0259;Brea de Tajo;44.76;
Municipios;0262;Brunete;49.21;
Municipios;0278;Buitrago del Lozoya;25.97;
Municipios;0284;Bustarviejo;56.20;
Municipios;0297;Cabanillas de la Sierra;13.82;
Municipios;0301;Cabrera (La);22.16;
Municipios;0318;Cadalso de los Vidrios;47.87;
Municipios;0323;Camarma de Esteruelas;35.21;
Municipios;0339;Campo Real;61.81;
Municipios;0344;Canencia;54.19;
Municipios;0357;Carabaña;47.67;
Municipios;0360;Casarrubuelos;5.34;
Municipios;0376;Cenicientos;68.27;
Municipios;0382;Cercedilla;35.76;
Municipios;0395;Cervera de Buitrago;11.55;
Municipios;0513;Chapinería;25.56;
Municipios;0528;Chinchón;115.89;
Municipios;0409;Ciempozuelos;49.39;
Municipios;0416;Cobeña;20.81;
Municipios;0468;Collado Mediano;22.21;
Municipios;0474;Collado Villalba;25.22;
Municipios;0455;Colmenar Viejo;182.98;
Municipios;0437;Colmenar de Oreja;126.43;
Municipios;0421;Colmenar del Arroyo;49.31;
Municipios;0442;Colmenarejo;31.50;
Municipios;0480;Corpa;25.96;
Municipios;0493;Coslada;12.03;
Municipios;0506;Cubas de la Sagra;12.90;
Municipios;0534;Daganzo de Arriba;43.44;
Municipios;0549;Escorial (El);68.82;
Municipios;0552;Estremera;79.20;
Municipios;0565;Fresnedillas de la Oliva;28.42;
Municipios;0571;Fresno de Torote;31.78;
Municipios;0587;Fuenlabrada;39.21;
Municipios;0590;Fuente el Saz de Jarama;33.17;
Municipios;0604;Fuentidueña de Tajo;60.23;
Municipios;0611;Galapagar;65.24;
Municipios;0626;Garganta de los Montes;40.36;
Municipios;0632;Gargantilla del Lozoya y Pinilla de Buitrago;24.20;
Municipios;0647;Gascones;20.06;
Municipios;0650;Getafe;78.69;
Municipios;0663;Griñón;17.10;
Municipios;0679;Guadalix de la Sierra;60.31;
Municipios;0685;Guadarrama;57.19;
Municipios;0698;Hiruela (La);17.17;
Municipios;0702;Horcajo de la Sierra-Aoslos;21.22;
Municipios;0719;Horcajuelo de la Sierra;23.85;
Municipios;0724;Hoyo de Manzanares;45.24;
Municipios;0730;Humanes de Madrid;19.69;
Municipios;0745;Leganés;43.25;
Municipios;0758;Loeches;44.35;
Municipios;0761;Lozoya;57.86;
Municipios;9015;Lozoyuela-Navas-Sieteiglesias;51.47;
Municipios;0783;Madarcos;8.56;
Municipios;0796;Madrid;604.98;
Municipios;0800;Majadahonda;38.49;
Municipios;0822;Manzanares el Real;127.80;
Municipios;0838;Meco;34.95;
Municipios;0843;Mejorada del Campo;17.95;
Municipios;0856;Miraflores de la Sierra;56.45;
Municipios;0869;Molar (El);50.21;
Municipios;0875;Molinos (Los);19.18;
Municipios;0881;Montejo de la Sierra;32.21;
Municipios;0894;Moraleja de Enmedio;31.19;
Municipios;0908;Moralzarzal;43.55;
Municipios;0915;Morata de Tajuña;45.32;
Municipios;0920;Móstoles;44.97;
Municipios;0936;Navacerrada;32.63;
Municipios;0941;Navalafuente;12.19;
Municipios;0954;Navalagamella;75.78;
Municipios;0967;Navalcarnero;100.89;
Municipios;0973;Navarredonda y San Mamés;28.50;
Municipios;0992;Navas del Rey;50.54;
Municipios;1006;Nuevo Baztán;20.12;
Municipios;1013;Olmeda de las Fuentes;16.54;
Municipios;1028;Orusco de Tajuña;21.38;
Municipios;1049;Paracuellos de Jarama;43.81;
Municipios;1065;Parla;24.98;
Municipios;1071;Patones;35.06;
Municipios;1087;Pedrezuela;28.55;
Municipios;1090;Pelayos de la Presa;7.57;
Municipios;1104;Perales de Tajuña;49.32;
Municipios;1111;Pezuela de las Torres;41.71;
Municipios;1126;Pinilla del Valle;25.44;
Municipios;1132;Pinto;62.03;
Municipios;1147;Piñuécar-Gandullas;18.25;
Municipios;1150;Pozuelo de Alarcón;43.09;
Municipios;1163;Pozuelo del Rey;30.94;
Municipios;1179;Prádena del Rincón;22.52;
Municipios;1185;Puebla de la Sierra;56.76;
Municipios;9020;Puentes Viejas;58.58;
Municipios;1198;Quijorna;25.70;
Municipios;1202;Rascafría;149.35;
Municipios;1219;Redueña;13.04;
Municipios;1224;Ribatejada;32.21;
Municipios;1230;Rivas-Vaciamadrid;67.35;
Municipios;1245;Robledillo de la Jara;21.02;
Municipios;1258;Robledo de Chavela;94.22;
Municipios;1261;Robregordo;18.36;
Municipios;1277;Rozas de Madrid (Las);58.35;
Municipios;1283;Rozas de Puerto Real;29.55;
Municipios;1296;San Agustín del Guadalix;38.27;
Municipios;1300;San Fernando de Henares;38.87;
Municipios;1317;San Lorenzo de El Escorial;56.40;
Municipios;1338;San Martín de Valdeiglesias;116.46;
Municipios;1322;San Martín de la Vega;105.17;
Municipios;1343;San Sebastián de los Reyes;59.26;
Municipios;1356;Santa María de la Alameda;75.71;
Municipios;1369;Santorcaz;28.24;
Municipios;1375;Santos de la Humosa (Los);35.06;
Municipios;1381;Serna del Monte (La);5.52;
Municipios;1408;Serranillos del Valle;13.04;
Municipios;1415;Sevilla la Nueva;24.74;
Municipios;1436;Somosierra;20.41;
Municipios;1441;Soto del Real;42.86;
Municipios;1454;Talamanca de Jarama;38.51;
Municipios;1467;Tielmes;26.60;
Municipios;1473;Titulcia;10.14;
Municipios;1489;Torrejón de Ardoz;32.39;
Municipios;1505;Torrejón de Velasco;52.19;
Municipios;1492;Torrejón de la Calzada;8.97;
Municipios;1512;Torrelaguna;43.09;
Municipios;1527;Torrelodones;21.68;
Municipios;1533;Torremocha de Jarama;18.92;
Municipios;1548;Torres de la Alameda;43.36;
Municipios;9036;Tres Cantos;37.96;
Municipios;1551;Valdaracete;63.85;
Municipios;1564;Valdeavero;18.73;
Municipios;1570;Valdelaguna;42.09;
Municipios;1586;Valdemanco;17.80;
Municipios;1599;Valdemaqueda;51.73;
Municipios;1603;Valdemorillo;93.90;
Municipios;1610;Valdemoro;64.24;
Municipios;1625;Valdeolmos-Alalpardo;25.87;
Municipios;1631;Valdepiélagos;17.70;
Municipios;1646;Valdetorres de Jarama;35.11;
Municipios;1659;Valdilecha;42.58;
Municipios;1662;Valverde de Alcalá;13.75;
Municipios;1678;Velilla de San Antonio;14.38;
Municipios;1684;Vellón (El);33.51;
Municipios;1697;Venturada;10.23;
Municipios;1718;Villa del Prado;77.31;
Municipios;1701;Villaconejos;33.29;
Municipios;1723;Villalbilla;34.72;
Municipios;1739;Villamanrique de Tajo;29.61;
Municipios;1744;Villamanta;63.26;
Municipios;1757;Villamantilla;23.94;
Municipios;1782;Villanueva de Perales;31.45;
Municipios;1760;Villanueva de la Cañada;34.79;
Municipios;1776;Villanueva del Pardillo;25.45;
Municipios;1795;Villar del Olmo;27.80;
Municipios;1809;Villarejo de Salvanés;119.09;
Municipios;1816;Villaviciosa de Odón;68.23;
Municipios;1821;Villavieja del Lozoya;23.31;
Municipios;1837;Zarzalejo;20.19;
Notas;
Manzanares el Real: Incluye 0,6 Kilómetros cuadrados de jurisdicción común con El Boalo.;
;
Navacerrada: Incluye 5,2 Kilómetros cuadrados de jurisdicción común con Cercedilla.;
;
Tres Cantos se desanexiona de Colmenar Viejo en 1991.;
