Comercio, turismo y otros servicios.Turismo.Nº de establecimientos hoteleros.Establecimientos hoteleros. Total establecimientos hoteleros. Unidad: Número. Fuente: Dirección General de Turismo. Consejería de Cultura, Turismo y Deporte.;
Serie;;;2008;2009;2010;2011;2012;2013;2014;2015;2016;2017;2018;2019;2020;2021;2022
Comunidad de Madrid;;Comunidad de Madrid;1628;1702;1725;1755;1801;1824;1838;1894;1902;1958;1989;2034;1997;1973;13905;
Zonas Estadísticas;01;Municipio de Madrid ;999;1031;1035;1044;1069;1080;1086;1118;1124;1157;1171;1200;1155;1135;12394;
Zonas Estadísticas;02;Norte Metropolitano ;38;41;41;41;41;41;41;41;41;40;41;42;44;43;85;
Zonas Estadísticas;03;Este Metropolitano  ;75;80;81;83;85;84;85;88;88;89;90;89;94;96;170;
Zonas Estadísticas;04;Sur Metropolitano   ;92;98;102;105;106;105;103;103;105;106;106;106;108;107;167;
Zonas Estadísticas;05;Oeste Metropolitano ;42;47;48;48;50;49;50;50;50;50;52;53;49;48;102;
Zonas Estadísticas;06;Sierra Norte        ;180;185;188;190;194;196;202;213;211;218;222;229;224;221;309;
Zonas Estadísticas;07;Nordeste Comunidad  ;13;16;16;16;18;18;18;20;22;23;24;25;28;27;39;
Zonas Estadísticas;08;Sudeste Comunidad   ;51;58;61;67;67;72;72;76;77;77;83;86;85;85;161;
Zonas Estadísticas;09;Sudoeste Comunidad  ;16;16;16;17;20;23;23;23;23;24;25;26;25;25;48;
Zonas Estadísticas;10;Sierra Sur          ;45;49;53;56;61;65;65;67;66;75;75;77;77;78;194;
Zonas Estadísticas;11;Sierra Central      ;77;81;84;88;90;91;93;95;95;99;100;101;108;108;236;
Municipios;0014;Acebeda (La);6;6;7;7;7;8;8;7;7;7;7;7;6;6;6;
Municipios;0029;Ajalvir;2;2;3;3;3;3;3;3;3;3;3;3;3;2;2;
Municipios;0035;Alameda del Valle;5;7;7;7;7;7;7;7;7;7;7;7;7;7;15;
Municipios;0040;Alamo (El);0;0;0;0;0;0;0;0;0;0;0;0;0;0;1;
Municipios;0053;Alcalá de Henares;22;24;24;26;27;27;27;28;28;29;30;29;31;32;90;
Municipios;0066;Alcobendas;16;17;17;17;17;17;17;17;17;16;16;16;17;16;29;
Municipios;0072;Alcorcón;7;7;7;7;7;6;6;6;6;6;6;6;7;7;9;
Municipios;0088;Aldea del Fresno;1;1;1;1;1;2;2;2;2;2;3;4;4;4;4;
Municipios;0091;Algete;1;2;2;2;2;2;2;2;2;2;2;2;2;2;5;
Municipios;0105;Alpedrete;3;3;3;3;3;3;3;3;3;3;3;3;3;3;4;
Municipios;0112;Ambite;1;1;1;1;1;1;1;1;1;1;1;1;1;0;2;
Municipios;0127;Anchuelo;0;0;0;0;0;0;0;0;0;0;0;0;0;0;0;
Municipios;0133;Aranjuez;12;14;15;15;15;15;15;14;14;14;15;15;15;15;22;
Municipios;0148;Arganda del Rey;8;8;8;8;8;7;8;9;9;9;9;9;9;9;10;
Municipios;0151;Arroyomolinos;0;0;0;1;1;1;1;1;1;1;1;1;1;1;3;
Municipios;0164;Atazar (El);5;5;5;5;5;5;5;5;5;5;5;5;5;5;5;
Municipios;0170;Batres;0;0;0;0;0;0;0;0;0;0;0;0;0;0;3;
Municipios;0186;Becerril de la Sierra;2;2;2;2;2;3;3;3;3;3;3;2;2;3;15;
Municipios;0199;Belmonte de Tajo;1;1;1;1;1;1;1;1;1;1;1;1;1;1;1;
Municipios;0210;Berrueco (El);8;8;8;8;8;8;8;8;8;9;9;9;9;9;16;
Municipios;0203;Berzosa del Lozoya;1;1;1;1;1;0;0;4;5;5;5;6;6;6;6;
Municipios;0225;Boadilla del Monte;4;4;4;4;4;4;4;4;4;4;4;4;3;3;7;
Municipios;0231;Boalo (El);2;2;3;3;3;3;3;3;4;3;2;3;7;3;9;
Municipios;0246;Braojos;5;5;5;5;5;5;6;7;8;8;8;8;9;10;12;
Municipios;0259;Brea de Tajo;2;2;2;2;2;2;2;2;2;2;2;3;3;3;3;
Municipios;0262;Brunete;4;4;4;4;4;4;4;4;4;4;4;4;4;4;7;
Municipios;0278;Buitrago del Lozoya;4;4;4;4;4;4;4;4;4;4;4;6;7;7;9;
Municipios;0284;Bustarviejo;3;3;3;3;4;4;4;4;4;4;4;4;4;4;8;
Municipios;0297;Cabanillas de la Sierra;1;1;1;1;1;1;1;1;1;1;1;1;1;1;3;
Municipios;0301;Cabrera (La);6;6;6;7;7;7;7;7;8;9;9;9;10;9;10;
Municipios;0318;Cadalso de los Vidrios;4;4;4;4;5;5;5;5;6;7;7;8;8;9;20;
Municipios;0323;Camarma de Esteruelas;0;1;1;1;1;1;1;1;1;1;1;1;1;1;9;
Municipios;0339;Campo Real;0;1;1;1;1;1;1;1;1;1;1;1;1;1;1;
Municipios;0344;Canencia;2;2;2;2;2;2;2;2;2;2;2;2;2;3;5;
Municipios;0357;Carabaña;3;3;3;3;3;3;3;3;3;3;3;3;3;4;5;
Municipios;0360;Casarrubuelos;1;1;1;1;1;1;1;1;1;1;1;1;1;1;1;
Municipios;0376;Cenicientos;4;4;4;5;5;6;6;6;6;6;7;7;7;5;4;
Municipios;0382;Cercedilla;12;13;13;13;13;13;14;15;15;16;17;18;16;17;40;
Municipios;0395;Cervera de Buitrago;4;4;4;4;4;4;4;4;4;4;4;4;4;4;5;
Municipios;0513;Chapinería;1;1;0;0;0;0;0;0;0;2;2;2;2;2;3;
Municipios;0528;Chinchón;16;18;19;22;22;22;22;22;22;23;23;25;25;25;41;
Municipios;0409;Ciempozuelos;2;2;2;2;2;2;2;2;3;3;3;3;3;3;11;
Municipios;0416;Cobeña;2;2;2;2;2;2;2;2;2;2;2;2;2;2;4;
Municipios;0468;Collado Mediano;1;1;1;1;1;2;2;2;2;3;3;4;6;8;8;
Municipios;0474;Collado Villalba;6;7;7;7;9;9;8;8;8;8;8;8;8;8;10;
Municipios;0455;Colmenar Viejo;2;3;3;3;3;3;3;3;3;3;4;4;4;4;7;
Municipios;0437;Colmenar de Oreja;3;3;3;3;4;4;4;4;4;4;4;4;5;6;17;
Municipios;0421;Colmenar del Arroyo;2;2;2;2;4;5;5;5;5;5;5;5;5;5;5;
Municipios;0442;Colmenarejo;2;2;2;2;2;2;2;2;2;2;2;2;2;2;6;
Municipios;0480;Corpa;0;0;0;0;0;0;0;0;0;0;0;0;0;0;0;
Municipios;0493;Coslada;6;6;5;5;5;5;5;5;5;5;5;5;5;6;8;
Municipios;0506;Cubas de la Sagra;1;1;1;1;1;1;1;0;0;0;0;0;0;0;1;
Municipios;0534;Daganzo de Arriba;2;4;4;4;4;4;4;4;4;4;4;4;5;4;5;
Municipios;0549;Escorial (El);4;4;4;4;4;4;4;4;4;4;4;3;3;3;9;
Municipios;0552;Estremera;3;3;3;3;3;3;3;3;3;3;3;3;3;2;5;
Municipios;0565;Fresnedillas de la Oliva;2;2;3;3;4;4;4;4;4;5;5;5;4;4;7;
Municipios;0571;Fresno de Torote;0;0;0;0;0;0;0;0;0;0;0;0;0;0;0;
Municipios;0587;Fuenlabrada;11;11;11;11;11;11;10;10;10;10;11;11;11;11;11;
Municipios;0590;Fuente el Saz de Jarama;7;7;7;7;7;7;7;7;7;7;7;7;6;6;6;
Municipios;0604;Fuentidueña de Tajo;3;3;3;3;3;3;3;3;3;3;3;3;3;3;12;
Municipios;0611;Galapagar;1;1;1;1;1;1;1;1;1;1;1;1;1;1;7;
Municipios;0626;Garganta de los Montes;2;2;2;2;1;2;2;3;3;3;3;4;3;3;6;
Municipios;0632;Gargantilla del Lozoya y Pinilla de Buitrago;9;9;9;9;9;9;12;12;12;12;12;12;12;11;13;
Municipios;0647;Gascones;3;2;2;2;2;2;2;2;2;2;2;2;2;2;3;
Municipios;0650;Getafe;10;13;14;14;15;15;15;15;15;15;15;15;15;15;25;
Municipios;0663;Griñón;2;2;2;2;2;2;2;2;2;2;2;2;2;2;3;
Municipios;0679;Guadalix de la Sierra;2;3;3;3;3;3;3;3;3;4;4;4;4;5;9;
Municipios;0685;Guadarrama;9;10;11;13;13;13;14;14;14;14;14;14;14;14;32;
Municipios;0698;Hiruela (La);7;7;6;6;6;6;6;6;6;6;7;7;7;3;3;
Municipios;0702;Horcajo de la Sierra-Aoslos;5;5;6;6;6;9;10;10;7;7;8;8;8;8;8;
Municipios;0719;Horcajuelo de la Sierra;5;5;4;4;4;3;5;6;5;5;5;5;5;5;9;
Municipios;0724;Hoyo de Manzanares;0;1;1;1;1;1;2;2;3;3;3;2;2;1;2;
Municipios;0730;Humanes de Madrid;5;5;5;6;5;5;5;6;6;6;5;5;6;6;6;
Municipios;0745;Leganés;6;7;8;8;8;8;8;9;9;9;9;9;9;9;10;
Municipios;0758;Loeches;3;3;3;3;3;3;3;3;3;3;3;1;1;1;1;
Municipios;0761;Lozoya;3;3;3;3;4;5;5;5;5;5;5;5;5;5;8;
Municipios;9015;Lozoyuela-Navas-Sieteiglesias;7;8;8;8;8;8;8;8;8;8;8;8;8;8;11;
Municipios;0783;Madarcos;1;2;4;4;4;4;4;4;4;4;4;5;5;5;4;
Municipios;0796;Madrid;999;1031;1035;1044;1069;1080;1086;1118;1124;1157;1171;1200;1155;1135;12394;
Municipios;0800;Majadahonda;2;2;2;2;2;2;2;2;2;2;2;2;2;2;9;
Municipios;0822;Manzanares el Real;8;8;8;8;8;8;8;8;8;7;8;8;9;9;24;
Municipios;0838;Meco;0;0;0;0;1;1;1;1;1;2;2;2;3;3;3;
Municipios;0843;Mejorada del Campo;4;4;4;4;4;4;4;4;4;4;4;4;4;4;4;
Municipios;0856;Miraflores de la Sierra;8;9;9;10;11;10;10;10;10;11;11;12;12;11;27;
Municipios;0869;Molar (El);3;3;3;3;4;4;4;5;5;5;6;7;7;7;8;
Municipios;0875;Molinos (Los);1;2;2;3;3;3;3;3;3;3;3;3;4;4;5;
Municipios;0881;Montejo de la Sierra;8;7;7;7;7;7;7;8;8;8;8;8;8;8;12;
Municipios;0894;Moraleja de Enmedio;2;2;2;2;2;2;2;2;2;2;2;2;2;2;2;
Municipios;0908;Moralzarzal;2;2;2;2;2;2;2;2;2;2;2;2;2;2;8;
Municipios;0915;Morata de Tajuña;1;2;2;3;2;2;2;3;3;3;3;3;2;2;5;
Municipios;0920;Móstoles;9;9;8;8;8;8;7;7;7;8;7;7;7;7;15;
Municipios;0936;Navacerrada;7;7;8;8;8;8;8;8;7;8;8;8;9;10;16;
Municipios;0941;Navalafuente;3;3;3;3;3;3;3;3;3;3;3;3;3;3;6;
Municipios;0954;Navalagamella;1;1;1;1;1;1;1;1;1;1;1;1;1;1;1;
Municipios;0967;Navalcarnero;5;5;5;5;8;8;8;8;8;8;8;8;8;8;12;
Municipios;0973;Navarredonda y San Mamés;5;5;6;6;6;6;6;6;6;6;6;6;6;6;6;
Municipios;0992;Navas del Rey;3;3;4;5;5;5;5;5;5;5;5;5;5;5;13;
Municipios;1006;Nuevo Baztán;0;0;0;0;0;0;0;0;0;0;0;0;0;0;4;
Municipios;1013;Olmeda de las Fuentes;1;1;1;3;3;6;6;7;7;7;8;8;8;8;8;
Municipios;1028;Orusco de Tajuña;0;0;0;0;0;0;0;0;0;0;0;0;0;0;0;
Municipios;1049;Paracuellos de Jarama;6;7;7;7;7;7;7;7;7;7;7;7;7;6;6;
Municipios;1065;Parla;3;3;3;3;3;3;3;3;3;3;3;3;3;3;13;
Municipios;1071;Patones;5;7;8;8;8;8;8;8;8;8;9;8;5;5;7;
Municipios;1087;Pedrezuela;0;1;1;1;1;0;0;0;0;0;0;0;0;0;3;
Municipios;1090;Pelayos de la Presa;3;3;3;3;3;3;3;3;3;3;3;3;3;3;24;
Municipios;1104;Perales de Tajuña;1;1;1;1;1;2;2;2;2;2;2;2;2;2;4;
Municipios;1111;Pezuela de las Torres;0;0;0;0;0;0;0;0;0;0;0;0;0;0;1;
Municipios;1126;Pinilla del Valle;0;2;2;2;2;2;2;2;2;2;2;2;3;1;2;
Municipios;1132;Pinto;12;12;12;14;14;14;14;13;14;14;14;14;14;13;17;
Municipios;1147;Piñuécar-Gandullas;6;6;6;5;6;6;6;6;6;6;6;6;6;6;5;
Municipios;1150;Pozuelo de Alarcón;7;8;8;8;8;8;8;8;8;7;8;10;7;7;22;
Municipios;1163;Pozuelo del Rey;1;1;1;1;1;1;1;1;1;1;1;1;1;1;1;
Municipios;1179;Prádena del Rincón;3;3;3;3;3;3;3;4;4;5;6;6;6;7;9;
Municipios;1185;Puebla de la Sierra;7;6;6;6;6;6;6;6;6;6;6;6;5;5;5;
Municipios;9020;Puentes Viejas;10;10;8;8;7;7;7;7;7;8;8;8;8;8;9;
Municipios;1198;Quijorna;0;0;0;0;0;0;0;0;0;0;0;0;0;0;0;
Municipios;1202;Rascafría;17;17;17;16;17;17;16;17;17;18;19;19;19;20;35;
Municipios;1219;Redueña;0;0;0;0;0;0;0;0;0;0;0;0;0;0;0;
Municipios;1224;Ribatejada;1;1;1;1;1;1;1;1;2;2;2;2;2;2;2;
Municipios;1230;Rivas-Vaciamadrid;2;2;2;2;2;2;2;2;2;2;2;2;2;2;5;
Municipios;1245;Robledillo de la Jara;3;3;3;3;3;3;3;4;4;4;4;4;4;4;3;
Municipios;1258;Robledo de Chavela;5;8;8;10;10;11;12;12;12;13;13;13;13;11;21;
Municipios;1261;Robregordo;1;1;1;1;1;0;1;1;1;1;1;1;1;1;1;
Municipios;1277;Rozas de Madrid (Las);8;10;11;11;11;10;11;11;10;10;10;10;10;10;16;
Municipios;1283;Rozas de Puerto Real;2;2;3;3;3;3;3;3;3;4;4;4;5;5;8;
Municipios;1296;San Agustín del Guadalix;2;2;2;2;2;2;2;2;2;2;2;3;3;3;4;
Municipios;1300;San Fernando de Henares;5;5;5;5;5;5;5;5;5;5;5;5;5;5;6;
Municipios;1317;San Lorenzo de El Escorial;10;10;10;10;11;11;10;10;10;11;11;10;10;10;17;
Municipios;1338;San Martín de Valdeiglesias;7;8;8;8;8;8;8;9;9;10;9;9;9;10;48;
Municipios;1322;San Martín de la Vega;7;7;7;7;8;8;8;8;8;8;8;8;8;9;19;
Municipios;1343;San Sebastián de los Reyes;10;10;10;10;10;10;10;10;10;10;10;10;10;10;25;
Municipios;1356;Santa María de la Alameda;7;7;9;8;9;9;8;9;7;8;8;9;9;10;25;
Municipios;1369;Santorcaz;1;1;1;1;1;1;1;1;1;1;1;1;1;1;1;
Municipios;1375;Santos de la Humosa (Los);2;2;2;2;2;2;2;2;2;2;2;2;2;2;2;
Municipios;1381;Serna del Monte (La);7;7;7;7;7;7;7;7;6;6;6;6;4;4;2;
Municipios;1408;Serranillos del Valle;0;0;0;0;0;0;0;0;0;0;0;0;0;0;0;
Municipios;1415;Sevilla la Nueva;1;1;1;1;1;1;1;1;1;1;1;1;1;1;3;
Municipios;1436;Somosierra;3;3;3;3;3;3;3;3;3;3;3;3;3;3;1;
Municipios;1441;Soto del Real;2;2;2;2;2;2;3;4;4;5;5;5;5;5;8;
Municipios;1454;Talamanca de Jarama;0;0;0;0;0;0;0;0;1;1;1;1;1;1;2;
Municipios;1467;Tielmes;1;1;1;1;1;1;1;1;1;1;3;3;3;3;4;
Municipios;1473;Titulcia;1;1;2;1;1;1;1;1;1;1;2;2;2;2;4;
Municipios;1489;Torrejón de Ardoz;17;19;20;20;21;21;21;22;22;22;22;22;25;27;35;
Municipios;1505;Torrejón de Velasco;1;1;1;1;1;1;1;2;2;2;2;2;2;2;2;
Municipios;1492;Torrejón de la Calzada;0;0;0;0;0;0;0;0;0;0;0;0;0;0;0;
Municipios;1512;Torrelaguna;4;4;4;4;4;4;4;4;4;4;4;4;4;3;4;
Municipios;1527;Torrelodones;2;2;2;2;2;2;2;2;2;2;3;3;3;3;6;
Municipios;1533;Torremocha de Jarama;0;0;0;0;1;1;1;2;2;3;2;3;2;2;5;
Municipios;1548;Torres de la Alameda;1;1;1;1;1;1;1;1;1;1;1;1;1;1;1;
Municipios;9036;Tres Cantos;5;5;5;5;5;5;5;5;5;5;5;5;6;6;11;
Municipios;1551;Valdaracete;0;0;0;0;0;1;1;1;1;1;1;1;1;1;2;
Municipios;1564;Valdeavero;0;0;0;0;0;0;0;1;1;1;1;1;1;1;1;
Municipios;1570;Valdelaguna;0;2;2;2;2;2;2;4;5;5;5;6;6;6;9;
Municipios;1586;Valdemanco;0;0;1;4;4;4;3;3;3;3;3;3;3;3;7;
Municipios;1599;Valdemaqueda;1;1;1;1;1;1;1;1;1;2;2;2;2;2;3;
Municipios;1603;Valdemorillo;3;3;3;3;3;3;3;3;3;3;3;3;3;3;6;
Municipios;1610;Valdemoro;8;8;10;10;10;10;10;10;10;10;10;10;10;9;9;
Municipios;1625;Valdeolmos-Alalpardo;0;0;0;0;0;0;0;0;0;0;0;0;1;1;1;
Municipios;1631;Valdepiélagos;0;0;0;0;0;0;0;0;0;0;0;0;1;1;1;
Municipios;1646;Valdetorres de Jarama;0;0;0;0;0;0;0;0;0;0;0;0;0;0;1;
Municipios;1659;Valdilecha;2;2;2;2;2;2;2;2;2;2;2;3;3;3;3;
Municipios;1662;Valverde de Alcalá;0;0;0;0;0;0;0;0;0;0;0;0;0;0;0;
Municipios;1678;Velilla de San Antonio;3;3;3;3;3;3;3;3;3;3;3;3;3;3;4;
Municipios;1684;Vellón (El);0;0;0;0;0;0;0;0;0;0;0;1;1;1;1;
Municipios;1697;Venturada;0;0;0;0;1;1;1;1;1;1;1;1;1;1;6;
Municipios;1718;Villa del Prado;2;2;2;2;2;2;2;2;2;3;3;3;2;2;10;
Municipios;1701;Villaconejos;1;1;1;1;1;1;1;1;1;1;1;1;0;0;1;
Municipios;1723;Villalbilla;1;1;1;1;1;1;1;1;1;1;1;1;1;1;1;
Municipios;1739;Villamanrique de Tajo;0;0;0;0;0;0;0;0;0;0;1;1;1;1;8;
Municipios;1744;Villamanta;0;0;0;0;0;2;2;2;2;2;2;2;2;2;3;
Municipios;1757;Villamantilla;0;0;0;0;0;0;0;0;0;0;0;0;0;0;0;
Municipios;1782;Villanueva de Perales;0;0;0;0;0;0;0;0;0;0;0;0;0;0;0;
Municipios;1760;Villanueva de la Cañada;4;4;4;4;4;4;4;4;4;4;4;4;4;4;5;
Municipios;1776;Villanueva del Pardillo;1;1;1;1;1;1;1;1;1;1;1;1;1;1;2;
Municipios;1795;Villar del Olmo;0;0;1;1;1;1;1;1;1;1;1;1;1;1;3;
Municipios;1809;Villarejo de Salvanés;2;3;3;4;4;4;4;4;4;3;4;4;4;4;11;
Municipios;1816;Villaviciosa de Odón;4;4;4;4;4;4;4;4;4;5;5;5;5;5;11;
Municipios;1821;Villavieja del Lozoya;4;2;2;2;2;2;2;2;2;2;2;3;3;4;6;
Municipios;1837;Zarzalejo;3;3;3;3;3;4;4;4;4;4;4;4;4;6;12;
Notas;
Establecimientos hoteleros:Son aquellas instalaciones que destinadas al alojamiento turístico, ocupan la totalidad de un edificio o parte independizada del mismo constituyendo sus dependencias un todo homogéneo con entradas, ascensores y escaleras de uso exclusivo y reúnen los requisitos técnicos mínimos que reglamentariamente se establezcan.;
;
Incluye: Hotel aparthotel + hoteles + hostales + campamentos + apartamentos + pensiones + casas rurales + hosterías + viviendas uso turístico;
