Educación, formación e investigación.Educación.Enseñanza no universitaria.Régimen general.Centros.Total. Centros no universitarios que imparten Educación Infantil. Unidad: Número. Fuente: Subdirección General de Evaluación y Análisis. Vicepresidencia, Consejería de Educación y Universidades.;
Serie;;;2005;2006;2007;2008;2009;2010;2011;2012;2013;2014;2015;2016;2017;2018;2019;2020;2021;2022(P)
Comunidad de Madrid;;Comunidad de Madrid;2033;2170;2335;2479;2838;2904;2983;3027;3038;3032;3058;3063;3083;3097;3090;2781;2662;2638;
Zonas Estadísticas;01;Municipio de Madrid ;888;944;997;1051;1202;1232;1271;1279;1280;1272;1285;1287;1291;1302;1297;1157;1109;1115;
Zonas Estadísticas;02;Norte Metropolitano ;135;142;152;164;182;185;194;203;202;207;207;213;213;216;214;189;181;177;
Zonas Estadísticas;03;Este Metropolitano  ;194;210;232;248;266;277;286;288;294;291;291;290;296;299;296;278;264;260;
Zonas Estadísticas;04;Sur Metropolitano   ;381;404;431;461;533;532;543;557;568;568;583;590;595;593;598;554;529;515;
Zonas Estadísticas;05;Oeste Metropolitano ;171;185;209;226;271;276;280;285;284;281;284;282;282;286;287;235;221;217;
Zonas Estadísticas;06;Sierra Norte        ;34;34;38;39;45;47;46;46;43;44;43;43;43;43;43;43;41;41;
Zonas Estadísticas;07;Nordeste Comunidad  ;31;37;43;44;51;53;52;53;53;52;49;48;48;47;47;40;37;39;
Zonas Estadísticas;08;Sudeste Comunidad   ;52;55;57;60;67;72;72;75;77;76;76;73;76;76;76;74;73;72;
Zonas Estadísticas;09;Sudoeste Comunidad  ;52;53;64;69;85;90;93;96;96;101;100;94;96;96;93;83;81;81;
Zonas Estadísticas;10;Sierra Sur          ;21;22;24;25;26;27;28;28;28;28;27;27;27;27;28;28;28;28;
Zonas Estadísticas;11;Sierra Central      ;74;84;88;92;110;113;118;117;113;112;113;116;116;112;111;100;98;93;
Municipios;0014;Acebeda (La);0;0;0;0;0;0;0;0;0;0;0;0;0;0;0;0;0;0;
Municipios;0029;Ajalvir;2;3;3;3;2;4;4;4;4;4;3;3;3;3;3;3;3;2;
Municipios;0035;Alameda del Valle;0;0;0;0;0;0;0;0;0;0;0;0;0;0;0;0;0;0;
Municipios;0040;Alamo (El);2;3;4;5;5;5;5;5;6;6;5;5;5;5;5;4;4;4;
Municipios;0053;Alcalá de Henares;60;63;71;74;79;83;82;81;82;81;83;81;82;83;82;78;75;72;
Municipios;0066;Alcobendas;44;47;52;57;66;65;70;72;72;75;73;76;77;78;78;61;60;59;
Municipios;0072;Alcorcón;41;44;47;54;68;70;73;75;76;77;80;80;79;78;78;72;65;62;
Municipios;0088;Aldea del Fresno;2;2;2;3;3;3;2;2;2;2;2;2;2;2;2;2;2;2;
Municipios;0091;Algete;11;11;11;13;14;13;13;14;13;14;15;15;15;15;14;12;12;12;
Municipios;0105;Alpedrete;9;11;11;11;13;13;14;14;14;13;14;16;15;15;14;14;12;11;
Municipios;0112;Ambite;0;0;0;0;0;0;0;1;1;1;1;1;1;1;1;1;1;1;
Municipios;0127;Anchuelo;1;1;1;1;1;1;1;2;2;2;2;2;2;2;2;2;2;2;
Municipios;0133;Aranjuez;15;15;16;17;21;20;21;21;23;23;23;23;23;24;24;22;23;23;
Municipios;0148;Arganda del Rey;12;15;16;18;20;24;24;24;24;24;24;24;24;24;24;22;21;21;
Municipios;0151;Arroyomolinos;6;6;10;11;16;16;17;18;17;19;20;20;22;22;20;18;17;17;
Municipios;0164;Atazar (El);0;0;0;0;0;0;0;0;0;0;0;0;0;0;0;0;0;0;
Municipios;0170;Batres;1;1;1;1;1;1;1;2;1;1;1;1;1;1;1;1;1;1;
Municipios;0186;Becerril de la Sierra;2;2;2;2;3;3;3;3;3;3;3;3;3;3;3;3;3;3;
Municipios;0199;Belmonte de Tajo;1;1;1;1;1;2;2;2;2;2;2;2;3;3;3;3;3;2;
Municipios;0210;Berrueco (El);1;1;1;1;1;1;1;1;1;1;1;1;1;1;1;1;1;1;
Municipios;0203;Berzosa del Lozoya;1;1;1;1;2;2;2;2;2;1;1;1;1;0;0;0;0;0;
Municipios;0225;Boadilla del Monte;17;21;26;28;34;35;35;36;36;37;37;37;37;37;37;28;26;25;
Municipios;0231;Boalo (El);3;3;3;4;4;5;7;7;7;6;6;7;7;7;9;9;9;9;
Municipios;0246;Braojos;0;0;0;0;0;0;0;0;0;0;0;0;0;0;0;0;0;0;
Municipios;0259;Brea de Tajo;1;1;1;1;1;1;1;1;1;1;1;1;1;1;1;1;1;1;
Municipios;0262;Brunete;5;5;5;7;7;8;8;8;8;8;6;6;8;7;7;6;5;5;
Municipios;0278;Buitrago del Lozoya;2;2;2;2;2;2;2;2;2;2;2;2;2;2;2;2;2;2;
Municipios;0284;Bustarviejo;2;2;2;1;2;2;2;2;2;2;2;2;2;2;2;2;2;2;
Municipios;0297;Cabanillas de la Sierra;1;1;1;1;1;1;1;1;1;2;2;2;2;2;2;2;2;2;
Municipios;0301;Cabrera (La);2;2;2;2;2;2;2;2;3;3;3;3;3;4;4;4;4;4;
Municipios;0318;Cadalso de los Vidrios;2;2;2;2;2;2;2;2;2;2;2;2;2;2;2;2;2;2;
Municipios;0323;Camarma de Esteruelas;4;5;7;6;8;8;8;8;8;8;7;6;6;6;6;4;4;4;
Municipios;0339;Campo Real;2;2;2;2;2;2;3;3;3;3;3;3;3;3;3;3;3;3;
Municipios;0344;Canencia;1;1;1;1;1;1;1;1;0;0;0;0;0;0;0;0;0;0;
Municipios;0357;Carabaña;1;2;2;2;2;2;2;2;2;2;2;2;2;2;2;2;2;2;
Municipios;0360;Casarrubuelos;3;3;4;4;4;4;4;4;4;4;4;4;4;4;4;4;4;4;
Municipios;0376;Cenicientos;2;2;2;2;2;2;2;2;2;2;2;2;2;2;2;2;2;2;
Municipios;0382;Cercedilla;3;3;3;3;3;3;3;3;3;4;4;4;3;3;3;3;3;3;
Municipios;0395;Cervera de Buitrago;0;0;0;0;1;1;1;1;1;1;1;1;1;1;1;1;1;1;
Municipios;0513;Chapinería;2;2;2;2;2;2;3;3;3;3;2;2;2;2;2;2;2;2;
Municipios;0528;Chinchón;1;1;1;1;1;1;2;2;2;3;3;3;3;3;3;3;3;3;
Municipios;0409;Ciempozuelos;8;8;9;10;13;13;12;12;12;12;12;12;12;12;12;10;10;10;
Municipios;0416;Cobeña;4;4;4;4;4;4;4;4;4;4;4;4;4;4;4;3;3;3;
Municipios;0468;Collado Mediano;3;3;3;4;4;4;4;4;4;4;4;4;4;4;3;2;2;2;
Municipios;0474;Collado Villalba;22;23;26;26;29;29;32;32;31;30;32;32;31;31;30;30;29;28;
Municipios;0455;Colmenar Viejo;18;18;20;23;26;27;27;27;28;29;29;31;31;30;30;27;26;24;
Municipios;0437;Colmenar de Oreja;2;2;2;2;2;2;2;2;3;2;2;2;2;2;2;2;2;2;
Municipios;0421;Colmenar del Arroyo;1;1;1;2;2;2;2;2;2;2;2;2;2;2;2;2;2;2;
Municipios;0442;Colmenarejo;3;4;4;4;5;5;4;4;5;5;5;5;5;6;6;6;6;5;
Municipios;0480;Corpa;0;0;0;0;0;1;1;1;1;1;1;1;1;1;1;1;1;1;
Municipios;0493;Coslada;24;28;31;34;35;33;35;35;36;34;32;32;32;32;32;30;29;29;
Municipios;0506;Cubas de la Sagra;2;2;2;2;2;3;3;3;4;4;4;3;3;3;3;3;3;3;
Municipios;0534;Daganzo de Arriba;4;5;5;7;7;7;6;6;5;5;5;5;5;4;4;4;4;4;
Municipios;0549;Escorial (El);4;4;4;5;6;6;7;7;5;5;5;4;5;4;4;3;3;3;
Municipios;0552;Estremera;2;2;2;2;3;3;2;2;2;2;2;2;2;2;2;2;2;2;
Municipios;0565;Fresnedillas de la Oliva;2;2;2;2;2;2;2;2;2;2;2;2;2;2;2;2;2;2;
Municipios;0571;Fresno de Torote;2;2;2;2;3;4;4;4;4;4;3;3;3;3;3;2;2;2;
Municipios;0587;Fuenlabrada;75;77;79;83;88;88;88;88;89;89;92;91;93;93;94;89;83;79;
Municipios;0590;Fuente el Saz de Jarama;4;4;4;4;4;5;4;4;4;4;3;3;3;3;3;3;2;2;
Municipios;0604;Fuentidueña de Tajo;2;2;2;2;2;2;2;2;2;2;2;2;2;2;2;2;2;2;
Municipios;0611;Galapagar;13;13;14;15;18;18;17;18;18;17;17;16;15;15;16;13;13;12;
Municipios;0626;Garganta de los Montes;1;1;1;1;2;2;1;1;1;0;0;0;0;0;0;0;0;0;
Municipios;0632;Gargantilla del Lozoya y Pinilla de Buitrago;0;0;0;1;1;1;1;1;0;0;0;0;0;0;0;0;0;0;
Municipios;0647;Gascones;0;0;0;0;0;0;0;0;0;0;0;0;0;0;0;0;0;0;
Municipios;0650;Getafe;47;54;57;58;66;67;69;71;70;71;74;78;79;77;81;76;75;74;
Municipios;0663;Griñón;5;5;5;4;5;6;8;8;8;8;8;8;8;8;8;7;6;6;
Municipios;0679;Guadalix de la Sierra;3;3;4;4;3;4;4;4;4;5;5;5;5;4;4;4;3;3;
Municipios;0685;Guadarrama;6;7;7;7;11;12;12;11;11;12;11;12;12;12;12;10;10;9;
Municipios;0698;Hiruela (La);0;0;0;0;0;0;0;0;0;0;0;0;0;0;0;0;0;0;
Municipios;0702;Horcajo de la Sierra-Aoslos;0;0;0;0;0;0;0;0;0;0;0;0;0;0;0;0;0;0;
Municipios;0719;Horcajuelo de la Sierra;0;0;0;0;0;0;0;0;0;0;0;0;0;0;0;0;0;0;
Municipios;0724;Hoyo de Manzanares;2;2;2;2;3;3;3;3;3;3;2;2;2;2;2;2;2;2;
Municipios;0730;Humanes de Madrid;7;7;9;11;12;12;12;12;13;14;14;14;13;13;12;12;11;12;
Municipios;0745;Leganés;56;59;62;67;75;78;78;82;86;83;85;85;85;86;87;79;78;75;
Municipios;0758;Loeches;3;3;4;4;6;6;6;6;7;7;6;5;6;6;6;6;6;6;
Municipios;0761;Lozoya;2;2;2;2;2;2;2;2;2;2;2;2;2;2;2;2;2;2;
Municipios;9015;Lozoyuela-Navas-Sieteiglesias;2;2;2;2;2;2;2;2;2;2;2;2;2;2;2;2;2;2;
Municipios;0783;Madarcos;0;0;0;0;0;0;0;0;0;0;0;0;0;0;0;0;0;0;
Municipios;0796;Madrid;888;944;997;1051;1202;1232;1271;1279;1280;1272;1285;1287;1291;1302;1297;1157;1109;1115;
Municipios;0800;Majadahonda;20;21;22;26;30;31;30;31;29;29;31;30;30;31;31;28;26;27;
Municipios;0822;Manzanares el Real;4;4;4;4;5;5;5;5;4;5;5;5;5;5;4;5;5;5;
Municipios;0838;Meco;6;8;8;8;9;8;8;9;10;9;9;9;8;8;8;7;5;7;
Municipios;0843;Mejorada del Campo;7;7;7;7;7;8;9;9;9;9;9;9;9;9;9;9;9;9;
Municipios;0856;Miraflores de la Sierra;3;4;4;4;4;4;4;4;4;4;4;4;4;4;4;4;4;4;
Municipios;0869;Molar (El);2;4;4;3;4;5;5;5;5;5;5;5;6;6;6;6;6;6;
Municipios;0875;Molinos (Los);2;2;3;3;3;3;3;3;3;3;3;3;3;3;3;3;3;3;
Municipios;0881;Montejo de la Sierra;1;1;1;1;1;1;1;1;1;1;1;1;1;1;1;1;1;1;
Municipios;0894;Moraleja de Enmedio;3;3;3;3;3;3;3;4;4;4;4;2;2;2;2;2;2;2;
Municipios;0908;Moralzarzal;5;7;7;7;9;9;9;9;9;10;10;10;12;11;11;8;7;7;
Municipios;0915;Morata de Tajuña;3;3;3;3;3;3;3;3;3;3;3;3;3;3;3;3;3;3;
Municipios;0920;Móstoles;63;63;65;67;77;70;71;70;73;72;72;74;75;75;76;74;71;71;
Municipios;0936;Navacerrada;2;2;2;2;2;2;2;2;2;2;2;2;2;2;2;2;2;2;
Municipios;0941;Navalafuente;1;1;1;1;1;1;1;1;1;1;1;1;1;1;1;1;1;1;
Municipios;0954;Navalagamella;2;2;2;2;2;2;2;2;2;2;2;2;2;2;2;2;2;2;
Municipios;0967;Navalcarnero;8;8;11;12;15;15;16;17;17;17;17;17;17;17;17;16;16;16;
Municipios;0973;Navarredonda y San Mamés;0;0;0;0;0;0;0;0;0;0;0;0;0;0;0;0;0;0;
Municipios;0992;Navas del Rey;2;2;2;2;2;2;2;2;2;2;2;2;2;2;2;2;2;2;
Municipios;1006;Nuevo Baztán;3;3;3;3;3;4;4;4;4;4;4;4;4;4;4;4;4;4;
Municipios;1013;Olmeda de las Fuentes;0;0;0;0;0;0;0;1;1;1;1;1;1;1;1;1;1;1;
Municipios;1028;Orusco de Tajuña;2;2;2;2;2;2;2;2;2;2;2;2;2;2;2;2;2;2;
Municipios;1049;Paracuellos de Jarama;3;3;4;7;8;9;12;13;13;13;13;13;14;15;15;14;12;12;
Municipios;1065;Parla;29;31;36;41;46;45;47;50;51;50;51;54;54;53;53;49;46;44;
Municipios;1071;Patones;1;1;1;1;1;1;1;1;1;1;1;1;1;2;2;2;2;2;
Municipios;1087;Pedrezuela;2;2;5;5;6;6;6;6;5;6;6;6;6;6;6;6;5;5;
Municipios;1090;Pelayos de la Presa;1;2;2;2;2;2;2;2;2;2;2;2;2;2;2;2;2;2;
Municipios;1104;Perales de Tajuña;2;2;2;2;2;2;2;2;2;2;2;2;2;2;2;2;2;2;
Municipios;1111;Pezuela de las Torres;0;0;0;0;0;1;1;1;1;1;1;1;1;1;1;1;1;1;
Municipios;1126;Pinilla del Valle;1;1;1;1;1;1;1;1;0;0;0;0;0;0;0;0;0;0;
Municipios;1132;Pinto;12;14;15;15;21;21;21;21;21;23;25;24;25;25;24;20;20;19;
Municipios;1147;Piñuécar-Gandullas;0;0;0;0;0;0;0;0;0;0;0;0;0;0;0;0;0;0;
Municipios;1150;Pozuelo de Alarcón;36;37;41;43;50;50;53;53;54;53;55;55;51;53;54;44;42;40;
Municipios;1163;Pozuelo del Rey;1;1;1;1;1;1;1;1;1;1;1;1;1;1;1;1;1;1;
Municipios;1179;Prádena del Rincón;0;0;0;0;0;0;0;0;0;0;0;0;0;0;0;0;0;0;
Municipios;1185;Puebla de la Sierra;0;0;0;0;0;0;0;0;0;0;0;0;0;0;0;0;0;0;
Municipios;9020;Puentes Viejas;0;0;0;0;0;0;0;0;0;0;0;0;0;0;0;0;0;0;
Municipios;1198;Quijorna;2;2;2;2;3;3;3;3;3;3;3;3;3;3;3;3;3;3;
Municipios;1202;Rascafría;2;2;2;2;2;2;2;2;2;2;2;2;2;2;2;2;2;2;
Municipios;1219;Redueña;1;1;1;1;2;2;2;2;2;2;1;1;1;1;1;1;1;1;
Municipios;1224;Ribatejada;1;1;2;2;2;2;2;2;2;2;2;2;2;2;2;2;2;2;
Municipios;1230;Rivas-Vaciamadrid;25;27;29;29;32;33;37;39;41;40;42;42;44;45;45;42;41;42;
Municipios;1245;Robledillo de la Jara;0;0;0;0;0;0;0;0;0;0;0;0;0;0;0;0;0;0;
Municipios;1258;Robledo de Chavela;2;2;2;2;2;2;2;2;2;2;2;2;2;2;2;2;2;2;
Municipios;1261;Robregordo;0;0;0;0;0;0;0;0;0;0;0;0;0;0;0;0;0;0;
Municipios;1277;Rozas de Madrid (Las);29;32;37;40;51;52;53;55;56;55;54;54;56;58;57;44;42;42;
Municipios;1283;Rozas de Puerto Real;1;1;1;1;1;2;2;2;2;2;2;2;2;2;2;2;2;2;
Municipios;1296;San Agustín del Guadalix;4;6;6;6;6;6;7;7;6;6;7;6;6;6;6;6;6;6;
Municipios;1300;San Fernando de Henares;15;16;16;18;22;19;18;18;18;18;17;18;18;18;17;17;16;15;
Municipios;1317;San Lorenzo de El Escorial;9;9;9;10;11;12;13;13;12;11;12;12;12;11;11;10;10;10;
Municipios;1338;San Martín de Valdeiglesias;2;2;3;3;4;4;4;4;4;4;4;4;4;4;4;4;4;4;
Municipios;1322;San Martín de la Vega;9;9;10;10;10;10;10;13;13;13;13;13;13;13;13;12;12;11;
Municipios;1343;San Sebastián de los Reyes;27;27;28;30;36;41;44;45;45;45;45;46;45;45;45;42;39;38;
Municipios;1356;Santa María de la Alameda;0;0;0;0;0;0;0;0;0;0;0;0;0;0;1;1;1;1;
Municipios;1369;Santorcaz;0;0;0;0;0;0;0;0;0;0;0;0;0;0;0;0;0;0;
Municipios;1375;Santos de la Humosa (Los);1;2;2;2;3;3;3;3;3;3;3;2;3;3;3;3;2;2;
Municipios;1381;Serna del Monte (La);0;0;0;0;0;0;0;0;0;0;0;0;0;0;0;0;0;0;
Municipios;1408;Serranillos del Valle;3;3;3;3;3;3;3;3;4;4;4;4;4;4;3;2;2;2;
Municipios;1415;Sevilla la Nueva;5;5;5;5;9;11;11;9;8;8;8;7;7;7;7;5;5;5;
Municipios;1436;Somosierra;0;0;0;0;0;0;0;0;0;0;0;0;0;0;0;0;0;0;
Municipios;1441;Soto del Real;6;6;7;7;7;7;6;6;6;6;6;6;6;6;7;6;6;5;
Municipios;1454;Talamanca de Jarama;1;1;2;2;3;4;4;4;4;4;4;4;4;4;4;3;3;3;
Municipios;1467;Tielmes;2;2;2;2;2;2;2;2;2;2;2;2;2;2;2;2;2;2;
Municipios;1473;Titulcia;2;2;2;2;2;2;2;2;2;2;2;2;2;2;2;2;2;2;
Municipios;1489;Torrejón de Ardoz;43;45;50;52;56;59;60;60;61;62;62;62;64;65;64;58;54;54;
Municipios;1505;Torrejón de Velasco;2;2;3;3;4;5;5;5;5;5;5;4;4;4;4;3;3;3;
Municipios;1492;Torrejón de la Calzada;2;2;2;3;4;4;4;4;4;6;6;6;6;6;6;5;5;5;
Municipios;1512;Torrelaguna;2;2;2;2;3;3;3;3;3;3;3;3;3;3;3;3;3;3;
Municipios;1527;Torrelodones;11;12;14;15;19;20;19;19;19;19;20;20;21;21;21;15;13;13;
Municipios;1533;Torremocha de Jarama;1;1;1;1;1;1;1;1;1;1;1;1;1;1;1;1;1;1;
Municipios;1548;Torres de la Alameda;2;2;2;3;3;3;3;3;3;3;3;3;3;3;3;3;3;3;
Municipios;9036;Tres Cantos;27;29;31;31;30;29;29;34;34;34;34;35;35;38;37;38;35;35;
Municipios;1551;Valdaracete;2;2;2;2;2;2;2;2;2;2;2;2;2;2;2;2;2;2;
Municipios;1564;Valdeavero;1;1;1;1;1;1;1;1;1;1;1;1;1;1;1;1;1;1;
Municipios;1570;Valdelaguna;0;0;1;1;1;1;1;1;1;1;1;1;1;1;1;1;1;1;
Municipios;1586;Valdemanco;0;0;0;0;0;1;1;1;1;1;1;1;1;1;1;1;1;1;
Municipios;1599;Valdemaqueda;0;0;1;1;1;1;1;1;1;1;1;1;1;1;1;1;1;1;
Municipios;1603;Valdemorillo;4;4;4;4;5;5;5;5;6;6;6;5;5;3;3;3;4;4;
Municipios;1610;Valdemoro;19;23;26;28;36;38;41;42;41;41;42;42;44;44;44;39;35;35;
Municipios;1625;Valdeolmos-Alalpardo;3;3;4;5;6;6;7;7;7;7;7;7;7;7;7;5;5;5;
Municipios;1631;Valdepiélagos;0;0;1;1;1;1;1;1;1;1;1;1;1;1;1;1;1;1;
Municipios;1646;Valdetorres de Jarama;3;3;3;3;3;2;2;2;2;2;2;2;2;2;2;2;2;2;
Municipios;1659;Valdilecha;2;2;2;2;2;2;2;2;2;2;2;2;2;2;2;2;2;2;
Municipios;1662;Valverde de Alcalá;0;0;0;0;0;0;0;0;0;0;0;0;0;0;0;0;0;0;
Municipios;1678;Velilla de San Antonio;3;3;5;6;5;5;5;5;6;6;6;6;6;5;5;5;4;4;
Municipios;1684;Vellón (El);2;2;2;2;2;2;2;2;2;2;2;2;2;2;2;2;2;2;
Municipios;1697;Venturada;1;1;1;2;2;2;2;2;2;2;2;2;2;2;2;2;2;2;
Municipios;1718;Villa del Prado;2;2;2;2;2;2;2;3;3;3;3;2;2;2;2;2;2;2;
Municipios;1701;Villaconejos;2;2;2;2;2;2;2;2;2;2;2;2;2;2;2;2;2;2;
Municipios;1723;Villalbilla;6;7;7;9;11;11;11;11;11;10;11;10;10;10;10;9;9;9;
Municipios;1739;Villamanrique de Tajo;1;1;1;1;2;2;1;1;1;1;1;1;1;1;1;1;1;1;
Municipios;1744;Villamanta;2;2;2;2;2;2;2;2;2;2;2;2;2;2;2;2;2;2;
Municipios;1757;Villamantilla;1;1;1;2;2;2;2;2;2;2;2;2;2;2;2;2;2;2;
Municipios;1782;Villanueva de Perales;1;1;2;2;2;2;2;2;2;3;2;2;2;2;2;2;2;2;
Municipios;1760;Villanueva de la Cañada;8;10;12;12;15;15;15;15;15;16;16;16;16;16;17;14;13;13;
Municipios;1776;Villanueva del Pardillo;6;9;11;11;15;15;17;17;15;13;13;14;13;13;12;9;9;8;
Municipios;1795;Villar del Olmo;1;1;1;1;1;1;1;1;1;1;1;1;1;1;1;1;1;1;
Municipios;1809;Villarejo de Salvanés;4;4;4;4;4;5;5;5;5;5;5;5;5;5;5;4;4;4;
Municipios;1816;Villaviciosa de Odón;8;9;10;12;15;15;15;15;15;14;14;14;15;15;15;11;10;10;
Municipios;1821;Villavieja del Lozoya;1;1;1;1;1;1;1;1;1;1;1;1;1;1;1;1;1;1;
Municipios;1837;Zarzalejo;2;2;2;2;2;2;2;2;2;2;2;2;2;2;2;2;2;2;
(P) Dato provisional ;
Notas;
Los cursos se denominan con los dos años que comprenden, pero en las tablas se hace referencia al último año.;
;
Centro escolar: Es todo centro creado o autorizado para impartir al menos una de las enseñanzas no universitarias. No se consideran centros escolares las residencias escolares sin unidades escolares apareciendo únicamente especificados como centros con residencia escolar.;
