Educación, formación e investigación.Educación.Enseñanza no universitaria.Régimen general.Centros.Total. Centros no universitarios que imparten Educación Primaria. Unidad: Número. Fuente: Subdirección General de Evaluación y Análisis. Vicepresidencia, Consejería de Educación y Universidades.;
Serie;;;2005;2006;2007;2008;2009;2010;2011;2012;2013;2014;2015;2016;2017;2018;2019;2020;2021;2022(P)
Comunidad de Madrid;;Comunidad de Madrid;1194;1219;1242;1271;1286;1304;1321;1332;1338;1339;1350;1364;1368;1371;1381;1391;1392;1392;
Zonas Estadísticas;01;Municipio de Madrid ;540;548;549;554;559;564;568;569;571;569;573;579;580;581;584;587;587;588;
Zonas Estadísticas;02;Norte Metropolitano ;77;77;78;82;82;83;84;86;86;88;88;90;90;89;92;91;91;91;
Zonas Estadísticas;03;Este Metropolitano  ;116;118;120;123;123;126;129;132;132;129;130;133;133;133;134;135;135;132;
Zonas Estadísticas;04;Sur Metropolitano   ;246;252;259;261;263;264;269;272;272;275;278;278;280;281;281;282;282;285;
Zonas Estadísticas;05;Oeste Metropolitano ;98;101;105;111;113;117;119;119;120;119;121;122;122;123;124;126;127;126;
Zonas Estadísticas;06;Sierra Norte        ;10;10;11;12;12;12;12;12;12;13;13;14;14;16;16;16;16;16;
Zonas Estadísticas;07;Nordeste Comunidad  ;10;11;14;16;16;16;16;17;17;17;17;17;17;17;17;18;18;18;
Zonas Estadísticas;08;Sudeste Comunidad   ;25;27;28;29;29;29;29;29;29;29;29;30;30;31;31;31;31;31;
Zonas Estadísticas;09;Sudoeste Comunidad  ;25;25;27;30;33;34;35;36;37;38;39;39;39;39;38;39;39;39;
Zonas Estadísticas;10;Sierra Sur          ;10;11;11;12;12;13;13;13;14;14;14;14;14;14;14;15;15;15;
Zonas Estadísticas;11;Sierra Central      ;37;39;40;41;44;46;47;47;48;48;48;48;49;47;50;51;51;51;
Municipios;0014;Acebeda (La);0;0;0;0;0;0;0;0;0;0;0;0;0;0;0;0;0;0;
Municipios;0029;Ajalvir;1;1;1;1;1;1;1;1;1;1;1;1;1;1;1;1;1;1;
Municipios;0035;Alameda del Valle;0;0;0;0;0;0;0;0;0;0;0;0;0;0;0;0;0;0;
Municipios;0040;Alamo (El);1;1;1;1;2;2;2;2;2;2;2;2;2;2;2;2;2;2;
Municipios;0053;Alcalá de Henares;39;39;39;41;41;42;43;43;43;42;42;43;43;43;43;42;42;40;
Municipios;0066;Alcobendas;33;33;33;34;34;34;35;36;36;37;37;38;38;38;38;37;37;37;
Municipios;0072;Alcorcón;28;30;31;31;31;32;33;34;34;35;35;35;35;35;35;35;35;35;
Municipios;0088;Aldea del Fresno;1;1;1;1;1;1;1;1;1;1;1;1;1;1;1;1;1;1;
Municipios;0091;Algete;6;6;6;7;7;7;7;7;7;7;7;7;7;7;7;7;7;7;
Municipios;0105;Alpedrete;4;5;5;5;6;6;6;6;6;6;6;6;6;6;6;6;6;6;
Municipios;0112;Ambite;0;0;0;0;0;0;0;0;0;0;0;0;0;0;0;0;0;0;
Municipios;0127;Anchuelo;1;1;1;1;1;1;1;1;1;1;1;1;1;1;1;1;1;1;
Municipios;0133;Aranjuez;9;9;10;11;11;11;12;12;12;12;12;12;12;13;13;13;13;13;
Municipios;0148;Arganda del Rey;8;8;9;9;9;10;10;11;11;11;11;11;11;11;11;11;11;11;
Municipios;0151;Arroyomolinos;3;3;3;4;5;5;6;6;6;7;7;7;7;7;6;7;7;7;
Municipios;0164;Atazar (El);0;0;0;0;0;0;0;0;0;0;0;0;0;0;0;0;0;0;
Municipios;0170;Batres;0;0;0;0;0;0;0;1;1;1;1;1;1;1;1;1;1;1;
Municipios;0186;Becerril de la Sierra;1;1;1;1;1;1;1;1;1;1;1;1;1;1;1;1;1;1;
Municipios;0199;Belmonte de Tajo;1;1;1;1;1;1;1;1;1;1;1;1;1;1;1;1;1;1;
Municipios;0210;Berrueco (El);0;0;0;0;0;0;0;0;0;0;0;0;0;0;0;0;0;0;
Municipios;0203;Berzosa del Lozoya;0;0;0;0;0;0;0;0;0;0;0;0;0;0;0;0;0;0;
Municipios;0225;Boadilla del Monte;9;10;10;13;14;15;15;15;15;15;15;15;15;15;15;15;15;15;
Municipios;0231;Boalo (El);1;1;1;1;1;2;2;2;2;2;2;2;2;2;4;5;5;5;
Municipios;0246;Braojos;0;0;0;0;0;0;0;0;0;0;0;0;0;0;0;0;0;0;
Municipios;0259;Brea de Tajo;0;0;0;0;0;0;0;0;0;0;0;0;0;0;0;0;0;0;
Municipios;0262;Brunete;2;2;2;2;2;2;2;2;2;2;2;2;2;2;2;2;2;2;
Municipios;0278;Buitrago del Lozoya;1;1;1;1;1;1;1;1;1;1;1;2;2;2;2;2;2;2;
Municipios;0284;Bustarviejo;1;1;1;1;1;1;1;1;1;1;1;1;1;1;1;1;1;1;
Municipios;0297;Cabanillas de la Sierra;0;0;0;0;0;0;0;0;0;1;1;1;1;1;1;1;1;1;
Municipios;0301;Cabrera (La);1;1;1;1;1;1;1;1;1;1;1;1;1;2;2;2;2;2;
Municipios;0318;Cadalso de los Vidrios;1;1;1;1;1;1;1;1;1;1;1;1;1;1;1;1;1;1;
Municipios;0323;Camarma de Esteruelas;2;2;2;2;2;2;2;2;2;2;2;2;2;2;2;3;3;3;
Municipios;0339;Campo Real;1;1;1;1;1;1;1;1;1;1;1;1;1;1;1;1;1;1;
Municipios;0344;Canencia;0;0;0;0;0;0;0;0;0;0;0;0;0;0;0;0;0;0;
Municipios;0357;Carabaña;0;1;1;1;1;1;1;1;1;1;1;1;1;1;1;1;1;1;
Municipios;0360;Casarrubuelos;1;1;1;1;1;1;1;1;1;1;1;1;1;1;1;1;1;1;
Municipios;0376;Cenicientos;1;1;1;1;1;1;1;1;1;1;1;1;1;1;1;1;1;1;
Municipios;0382;Cercedilla;2;2;2;2;2;2;2;2;2;2;2;2;2;2;2;2;2;2;
Municipios;0395;Cervera de Buitrago;0;0;0;0;0;0;0;0;0;0;0;0;0;0;0;0;0;0;
Municipios;0513;Chapinería;1;1;1;1;1;1;1;1;1;1;1;1;1;1;1;2;2;2;
Municipios;0528;Chinchón;1;1;1;1;1;1;1;1;1;1;1;1;1;1;1;1;1;1;
Municipios;0409;Ciempozuelos;4;4;4;4;4;4;4;4;4;4;4;4;4;4;4;4;4;4;
Municipios;0416;Cobeña;2;2;2;2;2;2;2;2;2;2;2;2;2;2;2;2;2;2;
Municipios;0468;Collado Mediano;1;1;1;1;1;1;1;1;1;1;1;1;1;1;1;1;1;1;
Municipios;0474;Collado Villalba;12;13;13;12;12;13;14;14;14;14;14;14;14;14;14;14;14;14;
Municipios;0455;Colmenar Viejo;10;10;10;11;11;11;11;11;11;11;11;11;11;10;11;11;11;11;
Municipios;0437;Colmenar de Oreja;1;1;1;1;1;1;1;1;1;1;1;1;1;1;1;1;1;1;
Municipios;0421;Colmenar del Arroyo;0;0;0;1;1;1;1;1;1;1;1;1;1;1;1;1;1;1;
Municipios;0442;Colmenarejo;2;2;2;2;2;2;2;2;2;2;2;2;2;3;3;3;3;3;
Municipios;0480;Corpa;0;0;0;0;0;0;0;0;0;0;0;0;0;0;0;0;0;0;
Municipios;0493;Coslada;17;17;18;18;18;18;18;18;18;16;16;17;17;17;17;17;17;17;
Municipios;0506;Cubas de la Sagra;1;1;1;1;1;1;1;1;2;2;2;2;2;2;2;2;2;2;
Municipios;0534;Daganzo de Arriba;1;1;1;2;2;2;2;2;2;2;2;2;2;2;2;2;2;2;
Municipios;0549;Escorial (El);2;2;2;2;2;2;2;2;2;2;2;2;3;2;2;2;2;2;
Municipios;0552;Estremera;1;1;1;1;1;1;1;1;1;1;1;1;1;1;1;1;1;1;
Municipios;0565;Fresnedillas de la Oliva;1;1;1;1;1;1;1;1;1;1;1;1;1;1;1;1;1;1;
Municipios;0571;Fresno de Torote;1;1;1;1;1;1;1;1;1;1;1;1;1;1;1;1;1;1;
Municipios;0587;Fuenlabrada;49;49;50;50;49;48;49;49;48;48;48;48;48;48;48;48;48;48;
Municipios;0590;Fuente el Saz de Jarama;1;1;1;1;1;1;1;1;1;1;1;1;1;1;1;1;1;1;
Municipios;0604;Fuentidueña de Tajo;1;1;1;1;1;1;1;1;1;1;1;1;1;1;1;1;1;1;
Municipios;0611;Galapagar;7;7;7;7;7;7;8;8;8;8;8;8;8;8;8;8;8;8;
Municipios;0626;Garganta de los Montes;0;0;0;0;0;0;0;0;0;0;0;0;0;0;0;0;0;0;
Municipios;0632;Gargantilla del Lozoya y Pinilla de Buitrago;0;0;0;0;0;0;0;0;0;0;0;0;0;0;0;0;0;0;
Municipios;0647;Gascones;0;0;0;0;0;0;0;0;0;0;0;0;0;0;0;0;0;0;
Municipios;0650;Getafe;32;32;33;33;34;34;35;35;35;35;36;36;37;37;37;38;38;39;
Municipios;0663;Griñón;3;3;3;3;3;3;3;3;3;3;3;3;3;3;3;3;3;3;
Municipios;0679;Guadalix de la Sierra;1;1;1;1;1;1;1;1;1;1;1;1;1;1;1;1;1;1;
Municipios;0685;Guadarrama;2;3;3;3;4;5;5;5;5;5;5;5;5;5;5;5;5;5;
Municipios;0698;Hiruela (La);0;0;0;0;0;0;0;0;0;0;0;0;0;0;0;0;0;0;
Municipios;0702;Horcajo de la Sierra-Aoslos;0;0;0;0;0;0;0;0;0;0;0;0;0;0;0;0;0;0;
Municipios;0719;Horcajuelo de la Sierra;0;0;0;0;0;0;0;0;0;0;0;0;0;0;0;0;0;0;
Municipios;0724;Hoyo de Manzanares;1;1;1;1;1;1;1;1;1;1;1;1;1;1;1;1;1;1;
Municipios;0730;Humanes de Madrid;4;4;4;4;4;4;4;4;5;5;5;5;5;5;5;5;5;5;
Municipios;0745;Leganés;35;36;36;36;36;36;36;37;38;39;39;39;39;39;39;39;39;40;
Municipios;0758;Loeches;2;2;3;3;3;3;3;3;3;3;3;4;4;5;5;5;5;5;
Municipios;0761;Lozoya;1;1;1;1;1;1;1;1;1;1;1;1;1;1;1;1;1;1;
Municipios;9015;Lozoyuela-Navas-Sieteiglesias;1;1;1;1;1;1;1;1;1;1;1;1;1;1;1;1;1;1;
Municipios;0783;Madarcos;0;0;0;0;0;0;0;0;0;0;0;0;0;0;0;0;0;0;
Municipios;0796;Madrid;540;548;549;554;559;564;568;569;571;569;573;579;580;581;584;587;587;588;
Municipios;0800;Majadahonda;11;11;11;12;13;13;13;14;14;14;15;16;16;16;16;16;16;16;
Municipios;0822;Manzanares el Real;2;2;2;2;2;2;2;2;2;2;2;2;2;2;2;2;2;2;
Municipios;0838;Meco;2;2;2;2;2;2;2;3;3;3;3;3;3;3;3;3;3;3;
Municipios;0843;Mejorada del Campo;5;5;5;5;5;5;5;5;5;5;5;5;5;5;5;5;5;5;
Municipios;0856;Miraflores de la Sierra;2;2;2;2;2;2;2;2;2;2;2;2;2;2;2;2;2;2;
Municipios;0869;Molar (El);1;1;2;2;2;2;2;2;2;2;2;2;2;2;2;2;2;2;
Municipios;0875;Molinos (Los);1;1;1;1;1;1;1;1;1;1;1;1;1;1;1;1;1;1;
Municipios;0881;Montejo de la Sierra;0;0;0;0;0;0;0;0;0;0;0;0;0;0;0;0;0;0;
Municipios;0894;Moraleja de Enmedio;1;1;1;1;1;1;1;1;1;1;1;1;1;1;1;1;1;1;
Municipios;0908;Moralzarzal;3;3;3;3;4;4;4;4;4;4;4;4;4;4;4;4;4;4;
Municipios;0915;Morata de Tajuña;1;1;1;1;1;1;1;1;1;1;1;1;1;1;1;1;1;1;
Municipios;0920;Móstoles;42;42;42;42;42;42;42;41;40;40;40;40;40;40;40;40;40;41;
Municipios;0936;Navacerrada;1;1;1;1;1;1;1;1;1;1;1;1;1;1;1;1;1;1;
Municipios;0941;Navalafuente;0;0;0;0;0;0;0;0;0;0;0;0;0;0;0;0;0;0;
Municipios;0954;Navalagamella;1;1;1;1;1;1;1;1;1;1;1;1;1;1;1;1;1;1;
Municipios;0967;Navalcarnero;5;5;5;6;6;7;7;7;7;7;7;7;7;7;7;7;7;7;
Municipios;0973;Navarredonda y San Mamés;0;0;0;0;0;0;0;0;0;0;0;0;0;0;0;0;0;0;
Municipios;0992;Navas del Rey;1;1;1;1;1;1;1;1;1;1;1;1;1;1;1;1;1;1;
Municipios;1006;Nuevo Baztán;2;2;2;2;2;2;2;2;2;2;2;2;2;2;2;2;2;2;
Municipios;1013;Olmeda de las Fuentes;0;0;0;0;0;0;0;0;0;0;0;0;0;0;0;0;0;0;
Municipios;1028;Orusco de Tajuña;1;1;1;1;1;1;1;1;1;1;1;1;1;1;1;1;1;1;
Municipios;1049;Paracuellos de Jarama;1;1;1;2;2;2;3;3;3;3;3;4;4;4;4;6;6;6;
Municipios;1065;Parla;18;18;20;20;21;21;21;22;22;22;24;24;25;25;25;25;25;25;
Municipios;1071;Patones;0;0;0;0;0;0;0;0;0;0;0;0;0;1;1;1;1;1;
Municipios;1087;Pedrezuela;1;1;2;2;2;2;2;2;2;2;2;2;2;2;2;2;2;2;
Municipios;1090;Pelayos de la Presa;0;1;1;1;1;1;1;1;1;1;1;1;1;1;1;1;1;1;
Municipios;1104;Perales de Tajuña;1;1;1;1;1;1;1;1;1;1;1;1;1;1;1;1;1;1;
Municipios;1111;Pezuela de las Torres;0;0;0;0;0;0;0;0;0;0;0;0;0;0;0;0;0;0;
Municipios;1126;Pinilla del Valle;0;0;0;0;0;0;0;0;0;0;0;0;0;0;0;0;0;0;
Municipios;1132;Pinto;9;10;10;10;10;10;11;11;11;11;11;11;11;11;11;11;11;11;
Municipios;1147;Piñuécar-Gandullas;0;0;0;0;0;0;0;0;0;0;0;0;0;0;0;0;0;0;
Municipios;1150;Pozuelo de Alarcón;19;19;21;22;22;23;23;23;24;24;24;24;24;25;26;26;26;25;
Municipios;1163;Pozuelo del Rey;0;0;0;0;0;0;0;0;0;0;0;0;0;0;0;0;0;0;
Municipios;1179;Prádena del Rincón;0;0;0;0;0;0;0;0;0;0;0;0;0;0;0;0;0;0;
Municipios;1185;Puebla de la Sierra;0;0;0;0;0;0;0;0;0;0;0;0;0;0;0;0;0;0;
Municipios;9020;Puentes Viejas;0;0;0;0;0;0;0;0;0;0;0;0;0;0;0;0;0;0;
Municipios;1198;Quijorna;1;1;1;1;1;1;1;1;1;1;1;1;1;1;1;1;1;1;
Municipios;1202;Rascafría;1;1;1;1;1;1;1;1;1;1;1;1;1;1;1;1;1;1;
Municipios;1219;Redueña;0;0;0;0;0;0;0;0;0;0;0;0;0;0;0;0;0;0;
Municipios;1224;Ribatejada;0;0;1;1;1;1;1;1;1;1;1;1;1;1;1;1;1;1;
Municipios;1230;Rivas-Vaciamadrid;13;14;14;14;14;14;15;16;16;16;17;17;17;17;18;18;18;18;
Municipios;1245;Robledillo de la Jara;0;0;0;0;0;0;0;0;0;0;0;0;0;0;0;0;0;0;
Municipios;1258;Robledo de Chavela;1;1;1;1;1;1;1;1;1;1;1;1;1;1;1;1;1;1;
Municipios;1261;Robregordo;0;0;0;0;0;0;0;0;0;0;0;0;0;0;0;0;0;0;
Municipios;1277;Rozas de Madrid (Las);19;19;19;21;21;22;22;22;22;22;22;22;22;22;22;23;24;24;
Municipios;1283;Rozas de Puerto Real;1;1;1;1;1;1;1;1;2;2;2;2;2;2;2;2;2;2;
Municipios;1296;San Agustín del Guadalix;1;1;2;2;2;2;2;2;2;2;2;2;2;2;2;2;2;2;
Municipios;1300;San Fernando de Henares;7;7;7;7;7;7;7;7;7;7;7;7;7;7;7;7;7;7;
Municipios;1317;San Lorenzo de El Escorial;7;7;7;7;7;7;7;7;7;7;7;7;7;6;6;6;6;6;
Municipios;1338;San Martín de Valdeiglesias;1;1;1;1;1;2;2;2;2;2;2;2;2;2;2;2;2;2;
Municipios;1322;San Martín de la Vega;5;5;5;5;5;5;5;6;6;6;6;6;6;6;6;6;6;6;
Municipios;1343;San Sebastián de los Reyes;13;13;13;14;14;15;15;15;15;16;16;17;17;17;18;18;18;18;
Municipios;1356;Santa María de la Alameda;0;0;0;0;0;0;0;0;0;0;0;0;0;0;0;0;0;0;
Municipios;1369;Santorcaz;0;0;0;0;0;0;0;0;0;0;0;0;0;0;0;0;0;0;
Municipios;1375;Santos de la Humosa (Los);0;1;1;1;1;1;1;1;1;1;1;1;1;1;1;1;1;1;
Municipios;1381;Serna del Monte (La);0;0;0;0;0;0;0;0;0;0;0;0;0;0;0;0;0;0;
Municipios;1408;Serranillos del Valle;1;1;1;1;1;1;1;1;1;1;1;1;1;1;1;1;1;1;
Municipios;1415;Sevilla la Nueva;2;2;2;2;3;3;3;3;3;3;3;3;3;3;3;3;3;3;
Municipios;1436;Somosierra;0;0;0;0;0;0;0;0;0;0;0;0;0;0;0;0;0;0;
Municipios;1441;Soto del Real;3;3;3;3;3;3;3;3;3;3;3;3;3;3;3;3;3;3;
Municipios;1454;Talamanca de Jarama;0;0;1;1;1;1;1;1;1;1;1;1;1;1;1;1;1;1;
Municipios;1467;Tielmes;1;1;1;1;1;1;1;1;1;1;1;1;1;1;1;1;1;1;
Municipios;1473;Titulcia;1;1;1;1;1;1;1;1;1;1;1;1;1;1;1;1;1;1;
Municipios;1489;Torrejón de Ardoz;24;24;24;24;24;25;25;26;26;26;26;26;26;26;26;26;26;25;
Municipios;1505;Torrejón de Velasco;1;1;2;2;2;2;2;2;2;2;2;2;2;2;2;2;2;2;
Municipios;1492;Torrejón de la Calzada;2;2;2;2;2;2;2;2;2;2;3;3;3;3;3;3;3;3;
Municipios;1512;Torrelaguna;1;1;1;1;1;1;1;1;1;1;1;1;1;1;1;1;1;1;
Municipios;1527;Torrelodones;5;5;6;6;6;6;6;6;6;6;7;7;7;7;7;7;7;7;
Municipios;1533;Torremocha de Jarama;0;0;0;0;0;0;0;0;0;0;0;0;0;0;0;0;0;0;
Municipios;1548;Torres de la Alameda;1;1;1;1;1;1;1;1;1;1;1;1;1;1;1;1;1;1;
Municipios;9036;Tres Cantos;12;12;12;12;12;12;12;13;13;13;13;13;13;13;14;14;14;14;
Municipios;1551;Valdaracete;1;1;1;1;1;1;1;1;1;1;1;1;1;1;1;1;1;1;
Municipios;1564;Valdeavero;1;1;1;1;1;1;1;1;1;1;1;1;1;1;1;1;1;1;
Municipios;1570;Valdelaguna;0;0;0;0;0;0;0;0;0;0;0;0;0;0;0;0;0;0;
Municipios;1586;Valdemanco;0;0;0;0;0;0;0;0;0;0;0;0;0;0;0;0;0;0;
Municipios;1599;Valdemaqueda;0;0;0;0;0;0;0;0;0;0;0;0;0;0;0;0;0;0;
Municipios;1603;Valdemorillo;1;1;1;1;1;1;1;1;2;2;2;2;2;1;2;2;2;2;
Municipios;1610;Valdemoro;11;13;14;15;16;17;17;17;17;18;18;18;18;18;18;18;18;18;
Municipios;1625;Valdeolmos-Alalpardo;0;1;1;2;2;2;2;2;2;2;2;2;2;2;2;2;2;2;
Municipios;1631;Valdepiélagos;0;0;0;0;0;0;0;0;0;0;0;0;0;0;0;0;0;0;
Municipios;1646;Valdetorres de Jarama;1;1;1;1;1;1;1;1;1;1;1;1;1;1;1;1;1;1;
Municipios;1659;Valdilecha;1;1;1;1;1;1;1;1;1;1;1;1;1;1;1;1;1;1;
Municipios;1662;Valverde de Alcalá;0;0;0;0;0;0;0;0;0;0;0;0;0;0;0;0;0;0;
Municipios;1678;Velilla de San Antonio;1;2;2;2;2;2;2;2;2;2;2;2;2;2;2;2;2;2;
Municipios;1684;Vellón (El);1;1;1;1;1;1;1;1;1;1;1;1;1;1;1;1;1;1;
Municipios;1697;Venturada;0;0;0;1;1;1;1;1;1;1;1;1;1;1;1;1;1;1;
Municipios;1718;Villa del Prado;1;1;1;1;1;1;1;1;1;1;1;1;1;1;1;1;1;1;
Municipios;1701;Villaconejos;1;1;1;1;1;1;1;1;1;1;1;1;1;1;1;1;1;1;
Municipios;1723;Villalbilla;3;3;3;4;4;4;4;4;4;4;4;4;4;4;4;4;4;4;
Municipios;1739;Villamanrique de Tajo;0;0;0;0;0;0;0;0;0;0;0;0;0;0;0;0;0;0;
Municipios;1744;Villamanta;1;1;1;1;1;1;1;1;1;1;1;1;1;1;1;1;1;1;
Municipios;1757;Villamantilla;0;0;0;1;1;1;1;1;1;1;1;1;1;1;1;1;1;1;
Municipios;1782;Villanueva de Perales;0;0;1;1;1;1;1;1;1;1;1;1;1;1;1;1;1;1;
Municipios;1760;Villanueva de la Cañada;6;7;7;7;7;7;7;7;7;7;7;7;7;7;7;8;8;8;
Municipios;1776;Villanueva del Pardillo;2;2;3;4;4;4;5;5;5;5;5;5;5;5;5;5;5;5;
Municipios;1795;Villar del Olmo;0;0;0;0;0;0;0;0;0;0;0;0;0;0;0;0;0;0;
Municipios;1809;Villarejo de Salvanés;2;2;2;2;2;2;2;2;2;2;2;2;2;2;2;2;2;2;
Municipios;1816;Villaviciosa de Odón;7;7;8;8;8;8;8;7;7;6;6;6;6;6;6;6;6;6;
Municipios;1821;Villavieja del Lozoya;0;0;0;0;0;0;0;0;0;0;0;0;0;0;0;0;0;0;
Municipios;1837;Zarzalejo;1;1;1;1;1;1;1;1;1;1;1;1;1;1;1;1;1;1;
(P) Dato provisional ;
Notas;
Los cursos se denominan con los dos años que comprenden, pero en las tablas se hace referencia al último año.;
;
Centro escolar: Es todo centro creado o autorizado para impartir al menos una de las enseñanzas no universitarias. No se consideran centros escolares las residencias escolares sin unidades escolares apareciendo únicamente especificados como centros con residencia escolar.;
