Educación, formación e investigación.Educación.Enseñanza no universitaria.Régimen general.Centros.Privados. Total centros privados no universitarios. Unidad: Número. Fuente: Subdirección General de Evaluación y Análisis. Vicepresidencia, Consejería de Educación y Universidades.;
Serie;;;2005;2006;2007;2008;2009;2010;2011;2012;2013;2014;2015;2016;2017;2018;2019;2020;2021(P)
Comunidad de Madrid;;Comunidad de Madrid;1176;1277;1398;1495;1578;1641;1683;1694;1686;1680;1685;1699;1694;1695;1691;1674;1565;
Zonas Estadísticas;01;Municipio de Madrid ;707;755;805;839;870;899;909;913;911;908;903;911;901;904;900;896;850;
Zonas Estadísticas;02;Norte Metropolitano ;72;77;85;94;97;100;106;111;110;110;114;116;115;116;115;116;112;
Zonas Estadísticas;03;Este Metropolitano  ;69;82;102;109;110;118;127;126;126;127;126;126;130;132;131;129;115;
Zonas Estadísticas;04;Sur Metropolitano   ;132;146;160;183;204;214;221;224;229;225;231;240;238;238;243;241;220;
Zonas Estadísticas;05;Oeste Metropolitano ;128;139;155;169;176;180;184;184;182;183;183;181;181;181;181;177;164;
Zonas Estadísticas;06;Sierra Norte        ;2;2;4;4;4;5;5;5;4;6;5;6;6;6;6;6;4;
Zonas Estadísticas;07;Nordeste Comunidad  ;9;12;15;17;18;20;19;20;19;18;18;17;18;17;17;14;11;
Zonas Estadísticas;08;Sudeste Comunidad   ;4;5;5;7;8;10;12;12;12;11;12;10;12;12;12;11;10;
Zonas Estadísticas;09;Sudoeste Comunidad  ;13;14;19;20;29;32;33;33;31;33;34;32;33;33;32;31;29;
Zonas Estadísticas;10;Sierra Sur          ;1;1;1;1;1;1;1;1;1;1;1;1;1;1;1;2;2;
Zonas Estadísticas;11;Sierra Central      ;39;44;47;52;61;62;66;65;61;58;58;59;59;55;53;51;48;
Municipios;0014;Acebeda (La);0;0;0;0;0;0;0;0;0;0;0;0;0;0;0;0;0;
Municipios;0029;Ajalvir;0;1;1;1;0;1;1;1;1;1;0;0;0;0;0;0;0;
Municipios;0035;Alameda del Valle;0;0;0;0;0;0;0;0;0;0;0;0;0;0;0;0;0;
Municipios;0040;Alamo (El);0;1;1;1;2;2;2;2;2;2;2;2;2;2;2;2;2;
Municipios;0053;Alcalá de Henares;26;28;35;35;36;39;39;39;39;40;40;38;39;40;40;39;36;
Municipios;0066;Alcobendas;32;34;38;42;43;42;45;46;45;46;48;50;50;50;50;48;48;
Municipios;0072;Alcorcón;17;20;22;27;34;36;37;36;36;36;38;38;37;36;36;37;32;
Municipios;0088;Aldea del Fresno;0;0;0;1;1;1;0;0;0;0;0;0;0;0;0;0;0;
Municipios;0091;Algete;3;3;3;4;5;4;4;4;3;4;5;5;5;5;4;2;2;
Municipios;0105;Alpedrete;7;7;7;8;9;9;10;11;10;9;9;11;10;10;10;10;8;
Municipios;0112;Ambite;0;0;0;0;0;0;0;0;0;0;0;0;0;0;0;0;0;
Municipios;0127;Anchuelo;0;0;0;0;0;0;0;0;0;0;0;0;0;0;0;0;0;
Municipios;0133;Aranjuez;8;8;8;9;9;9;9;9;9;9;9;9;9;10;10;11;12;
Municipios;0148;Arganda del Rey;2;5;6;6;6;9;9;9;9;9;9;9;10;10;11;11;10;
Municipios;0151;Arroyomolinos;3;3;6;6;9;9;9;10;9;10;11;11;12;12;11;11;10;
Municipios;0164;Atazar (El);0;0;0;0;0;0;0;0;0;0;0;0;0;0;0;0;0;
Municipios;0170;Batres;0;0;0;0;0;0;0;0;0;0;0;0;0;0;0;0;0;
Municipios;0186;Becerril de la Sierra;0;0;0;0;1;1;1;1;1;1;1;1;1;1;1;1;1;
Municipios;0199;Belmonte de Tajo;0;0;0;0;0;0;0;0;0;0;0;0;0;0;0;0;0;
Municipios;0210;Berrueco (El);0;0;0;0;0;0;0;0;0;0;0;0;0;0;0;0;0;
Municipios;0203;Berzosa del Lozoya;0;0;0;0;0;0;0;0;0;0;0;0;0;0;0;0;0;
Municipios;0225;Boadilla del Monte;13;16;20;23;23;23;23;23;23;25;25;25;27;27;28;27;26;
Municipios;0231;Boalo (El);2;2;2;3;3;3;5;5;5;4;4;5;5;5;5;6;6;
Municipios;0246;Braojos;0;0;0;0;0;0;0;0;0;0;0;0;0;0;0;0;0;
Municipios;0259;Brea de Tajo;0;0;0;0;0;0;0;0;0;0;0;0;0;0;0;0;0;
Municipios;0262;Brunete;2;2;2;3;3;4;4;4;4;4;2;2;3;2;2;3;2;
Municipios;0278;Buitrago del Lozoya;1;1;1;1;2;2;2;2;2;2;2;2;3;2;2;2;1;
Municipios;0284;Bustarviejo;0;0;0;0;0;0;0;0;0;0;0;0;0;0;0;0;0;
Municipios;0297;Cabanillas de la Sierra;0;0;0;0;0;0;0;0;0;0;0;0;0;0;0;0;0;
Municipios;0301;Cabrera (La);0;0;0;0;0;0;0;0;0;0;0;0;0;1;1;1;1;
Municipios;0318;Cadalso de los Vidrios;0;0;0;0;0;0;0;0;0;0;0;0;0;0;0;0;0;
Municipios;0323;Camarma de Esteruelas;2;2;4;4;5;5;5;5;5;4;4;3;3;3;3;3;3;
Municipios;0339;Campo Real;0;0;0;0;0;0;1;1;1;1;1;1;1;1;1;1;1;
Municipios;0344;Canencia;0;0;0;0;0;0;0;0;0;0;0;0;0;0;0;0;0;
Municipios;0357;Carabaña;0;0;0;0;0;0;0;0;0;0;0;0;0;0;0;0;0;
Municipios;0360;Casarrubuelos;0;0;0;0;0;0;0;0;0;1;1;1;1;1;1;1;1;
Municipios;0376;Cenicientos;0;0;0;0;0;0;0;0;0;0;0;0;0;0;0;0;0;
Municipios;0382;Cercedilla;1;1;1;1;1;1;1;1;1;1;1;1;1;1;1;1;1;
Municipios;0395;Cervera de Buitrago;0;0;0;0;0;0;0;0;0;0;0;0;0;0;0;0;0;
Municipios;0513;Chapinería;0;0;0;0;0;0;0;0;0;0;0;0;0;0;0;1;1;
Municipios;0528;Chinchón;0;0;0;0;0;0;1;1;1;1;1;1;1;1;1;1;1;
Municipios;0409;Ciempozuelos;5;5;6;6;6;5;5;5;5;5;5;5;5;5;5;5;5;
Municipios;0416;Cobeña;2;2;2;2;1;1;1;1;1;1;1;1;1;1;1;1;1;
Municipios;0468;Collado Mediano;1;1;1;2;2;2;2;2;2;2;2;2;2;2;1;0;0;
Municipios;0474;Collado Villalba;14;14;16;16;18;20;22;22;21;20;20;20;18;17;16;16;14;
Municipios;0455;Colmenar Viejo;6;6;7;10;11;13;13;13;14;13;13;14;14;13;13;12;12;
Municipios;0437;Colmenar de Oreja;0;0;0;0;0;0;0;0;0;0;0;0;0;0;0;0;0;
Municipios;0421;Colmenar del Arroyo;0;0;0;0;0;0;0;0;0;0;0;0;0;0;0;0;0;
Municipios;0442;Colmenarejo;0;1;1;1;2;2;1;1;2;2;2;2;2;3;3;3;3;
Municipios;0480;Corpa;0;0;0;0;0;0;0;0;0;0;0;0;0;0;0;0;0;
Municipios;0493;Coslada;4;8;12;14;14;12;14;14;14;14;12;12;12;12;12;11;10;
Municipios;0506;Cubas de la Sagra;0;0;0;0;0;0;0;0;0;0;0;0;0;0;0;0;0;
Municipios;0534;Daganzo de Arriba;2;3;3;4;4;4;3;3;2;2;2;2;2;1;1;1;1;
Municipios;0549;Escorial (El);2;2;2;3;3;3;3;3;2;2;2;1;2;1;1;1;1;
Municipios;0552;Estremera;0;0;0;0;0;0;0;0;0;0;0;0;0;0;0;0;0;
Municipios;0565;Fresnedillas de la Oliva;0;0;0;0;0;0;0;0;0;0;0;0;0;0;0;0;0;
Municipios;0571;Fresno de Torote;0;0;0;0;0;1;1;1;1;1;1;1;1;1;1;0;0;
Municipios;0587;Fuenlabrada;28;30;31;34;35;35;36;34;35;34;35;33;32;32;33;33;28;
Municipios;0590;Fuente el Saz de Jarama;2;2;2;2;1;2;1;1;1;1;1;1;1;1;1;1;0;
Municipios;0604;Fuentidueña de Tajo;0;0;0;0;0;0;0;0;0;0;0;0;0;0;0;0;0;
Municipios;0611;Galapagar;8;8;9;10;10;10;11;11;11;10;10;9;8;8;8;8;9;
Municipios;0626;Garganta de los Montes;0;0;0;0;0;0;0;0;0;0;0;0;0;0;0;0;0;
Municipios;0632;Gargantilla del Lozoya y Pinilla de Buitrago;0;0;0;0;0;0;0;0;0;0;0;0;0;0;0;0;0;
Municipios;0647;Gascones;0;0;0;0;0;0;0;0;0;0;0;0;0;0;0;0;0;
Municipios;0650;Getafe;18;23;24;25;27;27;29;31;29;30;31;37;36;35;38;39;39;
Municipios;0663;Griñón;3;3;3;2;2;3;4;4;4;4;4;4;4;4;4;4;3;
Municipios;0679;Guadalix de la Sierra;1;1;1;1;0;1;1;1;1;1;1;1;1;1;1;1;1;
Municipios;0685;Guadarrama;4;4;4;4;6;6;6;5;5;6;5;6;6;6;6;6;6;
Municipios;0698;Hiruela (La);0;0;0;0;0;0;0;0;0;0;0;0;0;0;0;0;0;
Municipios;0702;Horcajo de la Sierra-Aoslos;0;0;0;0;0;0;0;0;0;0;0;0;0;0;0;0;0;
Municipios;0719;Horcajuelo de la Sierra;0;0;0;0;0;0;0;0;0;0;0;0;0;0;0;0;0;
Municipios;0724;Hoyo de Manzanares;1;1;1;1;1;1;1;1;1;1;0;0;0;0;0;0;0;
Municipios;0730;Humanes de Madrid;2;2;2;4;5;6;6;6;7;7;6;8;6;6;6;6;5;
Municipios;0745;Leganés;14;16;18;23;24;27;27;28;31;28;29;29;29;30;30;28;27;
Municipios;0758;Loeches;1;1;1;1;1;1;1;1;1;1;1;1;2;2;2;2;2;
Municipios;0761;Lozoya;0;0;0;0;0;0;0;0;0;0;0;0;0;0;0;0;0;
Municipios;9015;Lozoyuela-Navas-Sieteiglesias;0;0;0;0;0;0;0;0;0;0;0;0;0;0;0;0;0;
Municipios;0783;Madarcos;0;0;0;0;0;0;0;0;0;0;0;0;0;0;0;0;0;
Municipios;0796;Madrid;707;755;805;839;870;899;909;913;911;908;903;911;901;904;900;896;850;
Municipios;0800;Majadahonda;12;13;14;16;16;16;16;17;16;17;19;19;18;19;19;19;17;
Municipios;0822;Manzanares el Real;2;2;2;2;2;2;3;3;2;3;3;3;3;3;2;3;3;
Municipios;0838;Meco;2;4;4;4;4;3;3;4;4;4;4;4;4;4;4;4;2;
Municipios;0843;Mejorada del Campo;0;0;0;0;0;1;2;2;2;2;2;2;2;2;2;2;2;
Municipios;0856;Miraflores de la Sierra;1;2;2;2;2;2;2;2;2;1;1;1;1;1;1;1;1;
Municipios;0869;Molar (El);0;0;0;0;0;1;1;1;1;1;1;1;2;2;2;2;2;
Municipios;0875;Molinos (Los);1;1;1;1;1;1;1;1;1;1;1;1;1;1;1;1;1;
Municipios;0881;Montejo de la Sierra;0;0;0;0;0;0;0;0;0;0;0;0;0;0;0;0;0;
Municipios;0894;Moraleja de Enmedio;0;0;0;0;0;0;0;0;0;0;0;0;0;0;0;0;0;
Municipios;0908;Moralzarzal;3;5;5;5;6;6;6;6;6;7;7;7;7;6;6;5;4;
Municipios;0915;Morata de Tajuña;0;0;0;0;0;0;0;0;0;0;0;0;0;0;0;0;0;
Municipios;0920;Móstoles;18;18;19;21;22;24;24;23;25;25;24;27;28;28;28;28;25;
Municipios;0936;Navacerrada;0;0;0;0;0;0;0;0;0;0;0;0;0;0;0;0;0;
Municipios;0941;Navalafuente;0;0;0;0;0;0;0;0;0;0;0;0;0;0;0;0;0;
Municipios;0954;Navalagamella;0;0;0;0;0;0;0;0;0;0;0;0;0;0;0;0;0;
Municipios;0967;Navalcarnero;3;3;4;5;7;7;8;8;8;8;8;8;8;8;8;9;9;
Municipios;0973;Navarredonda y San Mamés;0;0;0;0;0;0;0;0;0;0;0;0;0;0;0;0;0;
Municipios;0992;Navas del Rey;0;0;0;0;0;0;0;0;0;0;0;0;0;0;0;0;0;
Municipios;1006;Nuevo Baztán;1;1;1;1;1;2;2;2;2;2;2;2;2;2;2;2;2;
Municipios;1013;Olmeda de las Fuentes;0;0;0;0;0;0;0;0;0;0;0;0;0;0;0;0;0;
Municipios;1028;Orusco de Tajuña;0;0;0;0;0;0;0;0;0;0;0;0;0;0;0;0;0;
Municipios;1049;Paracuellos de Jarama;1;1;1;4;5;5;6;6;5;5;5;5;5;5;5;6;4;
Municipios;1065;Parla;5;6;10;12;15;16;17;18;19;18;19;20;20;19;19;17;14;
Municipios;1071;Patones;0;0;0;0;0;0;0;0;0;0;0;0;0;0;0;0;0;
Municipios;1087;Pedrezuela;0;0;2;2;2;2;2;2;1;2;2;2;2;2;2;2;1;
Municipios;1090;Pelayos de la Presa;0;0;0;0;0;0;0;0;0;0;0;0;0;0;0;0;0;
Municipios;1104;Perales de Tajuña;0;0;0;0;0;0;0;0;0;0;0;0;0;0;0;0;0;
Municipios;1111;Pezuela de las Torres;0;0;0;0;0;0;0;0;0;0;0;0;0;0;0;0;0;
Municipios;1126;Pinilla del Valle;0;0;0;0;0;0;0;0;0;0;0;0;0;0;0;0;0;
Municipios;1132;Pinto;5;5;5;5;7;7;7;7;7;7;8;7;8;9;9;8;8;
Municipios;1147;Piñuécar-Gandullas;0;0;0;0;0;0;0;0;0;0;0;0;0;0;0;0;0;
Municipios;1150;Pozuelo de Alarcón;36;37;39;41;42;42;44;43;44;43;43;43;41;41;42;42;40;
Municipios;1163;Pozuelo del Rey;0;0;0;0;0;0;0;0;0;0;0;0;0;0;0;0;0;
Municipios;1179;Prádena del Rincón;0;0;0;0;0;0;0;0;0;0;0;0;0;0;0;0;0;
Municipios;1185;Puebla de la Sierra;0;0;0;0;0;0;0;0;0;0;0;0;0;0;0;0;0;
Municipios;9020;Puentes Viejas;0;0;0;0;0;0;0;0;0;0;0;0;0;0;0;0;0;
Municipios;1198;Quijorna;0;0;0;0;1;1;1;1;1;1;1;1;1;1;1;1;1;
Municipios;1202;Rascafría;0;0;0;0;0;0;0;0;0;0;0;0;0;0;0;0;0;
Municipios;1219;Redueña;0;0;0;0;0;0;0;0;0;0;0;0;0;0;0;0;0;
Municipios;1224;Ribatejada;0;0;0;0;0;0;0;0;0;0;0;0;0;0;0;0;0;
Municipios;1230;Rivas-Vaciamadrid;7;8;10;10;11;12;16;17;18;17;19;19;19;20;20;20;19;
Municipios;1245;Robledillo de la Jara;0;0;0;0;0;0;0;0;0;0;0;0;0;0;0;0;0;
Municipios;1258;Robledo de Chavela;0;0;0;0;0;0;0;0;0;0;0;0;0;0;0;0;0;
Municipios;1261;Robregordo;0;0;0;0;0;0;0;0;0;0;0;0;0;0;0;0;0;
Municipios;1277;Rozas de Madrid (Las);23;26;29;31;34;34;34;36;35;35;35;34;35;36;35;34;32;
Municipios;1283;Rozas de Puerto Real;1;1;1;1;1;1;1;1;1;1;1;1;1;1;1;1;1;
Municipios;1296;San Agustín del Guadalix;2;3;3;3;3;3;4;4;3;3;4;3;3;3;3;3;3;
Municipios;1300;San Fernando de Henares;5;5;5;6;6;6;6;6;6;6;5;6;6;6;5;5;4;
Municipios;1317;San Lorenzo de El Escorial;7;7;7;8;8;9;10;10;9;8;9;8;8;6;6;6;6;
Municipios;1338;San Martín de Valdeiglesias;0;0;0;0;0;0;0;0;0;0;0;0;0;0;0;0;0;
Municipios;1322;San Martín de la Vega;2;2;3;3;3;3;3;5;5;5;5;5;5;5;5;5;5;
Municipios;1343;San Sebastián de los Reyes;11;11;12;13;16;20;22;23;24;24;24;24;23;22;22;24;22;
Municipios;1356;Santa María de la Alameda;0;0;0;0;0;0;0;0;0;0;0;0;0;0;0;0;0;
Municipios;1369;Santorcaz;0;0;0;0;0;0;0;0;0;0;0;0;0;0;0;0;0;
Municipios;1375;Santos de la Humosa (Los);0;0;0;0;1;1;1;1;1;1;1;0;1;1;1;1;0;
Municipios;1381;Serna del Monte (La);0;0;0;0;0;0;0;0;0;0;0;0;0;0;0;0;0;
Municipios;1408;Serranillos del Valle;1;1;1;1;1;1;1;1;1;1;1;1;1;1;1;0;0;
Municipios;1415;Sevilla la Nueva;2;2;2;2;4;5;5;4;3;3;3;2;2;2;2;1;1;
Municipios;1436;Somosierra;0;0;0;0;0;0;0;0;0;0;0;0;0;0;0;0;0;
Municipios;1441;Soto del Real;3;3;4;4;4;4;3;3;3;3;3;3;3;3;3;2;2;
Municipios;1454;Talamanca de Jarama;0;0;0;0;1;2;2;2;2;2;2;2;2;2;2;1;1;
Municipios;1467;Tielmes;0;0;0;0;0;0;0;0;0;0;0;0;0;0;0;0;0;
Municipios;1473;Titulcia;0;0;0;0;0;0;0;0;0;0;0;0;0;0;0;0;0;
Municipios;1489;Torrejón de Ardoz;23;25;29;30;30;31;32;30;29;30;31;32;34;35;34;33;29;
Municipios;1505;Torrejón de Velasco;0;0;1;1;1;2;2;2;2;2;2;1;1;1;1;1;1;
Municipios;1492;Torrejón de la Calzada;1;1;1;1;1;1;1;1;1;1;1;1;1;1;1;1;1;
Municipios;1512;Torrelaguna;0;0;0;0;0;0;0;0;0;0;0;0;0;0;0;0;0;
Municipios;1527;Torrelodones;7;8;9;10;11;12;10;10;10;10;11;11;11;11;11;10;8;
Municipios;1533;Torremocha de Jarama;0;0;0;0;0;0;0;0;0;1;0;1;0;0;0;0;0;
Municipios;1548;Torres de la Alameda;0;0;0;0;0;0;0;0;0;0;0;0;0;0;0;0;0;
Municipios;9036;Tres Cantos;16;18;20;20;18;17;17;20;20;19;19;19;19;22;22;26;24;
Municipios;1551;Valdaracete;0;0;0;0;0;0;0;0;0;0;0;0;0;0;0;0;0;
Municipios;1564;Valdeavero;0;0;0;0;0;0;0;0;0;0;0;0;0;0;0;0;0;
Municipios;1570;Valdelaguna;0;0;0;0;0;0;0;0;0;0;0;0;0;0;0;0;0;
Municipios;1586;Valdemanco;0;0;0;0;0;0;0;0;0;0;0;0;0;0;0;0;0;
Municipios;1599;Valdemaqueda;0;0;0;0;0;0;0;0;0;0;0;0;0;0;0;0;0;
Municipios;1603;Valdemorillo;1;1;1;1;1;1;1;1;2;2;2;1;1;0;1;1;1;
Municipios;1610;Valdemoro;10;11;12;14;17;19;21;22;21;21;22;22;23;23;24;24;20;
Municipios;1625;Valdeolmos-Alalpardo;0;0;1;2;2;2;3;3;3;3;3;3;3;3;3;2;2;
Municipios;1631;Valdepiélagos;0;0;0;0;0;0;0;0;0;0;0;0;0;0;0;0;0;
Municipios;1646;Valdetorres de Jarama;1;1;1;1;1;0;0;0;0;0;0;0;0;0;0;0;0;
Municipios;1659;Valdilecha;0;0;0;0;0;0;0;0;0;0;0;0;0;0;0;0;0;
Municipios;1662;Valverde de Alcalá;0;0;0;0;0;0;0;0;0;0;0;0;0;0;0;0;0;
Municipios;1678;Velilla de San Antonio;1;1;3;3;2;2;2;2;3;3;3;3;3;2;2;2;1;
Municipios;1684;Vellón (El);0;0;0;0;0;0;0;0;0;0;0;0;0;0;0;0;0;
Municipios;1697;Venturada;0;0;0;0;0;0;0;0;0;0;0;0;0;0;0;0;0;
Municipios;1718;Villa del Prado;0;0;0;0;0;0;0;0;0;0;0;0;0;0;0;0;0;
Municipios;1701;Villaconejos;0;0;0;0;0;0;0;0;0;0;0;0;0;0;0;0;0;
Municipios;1723;Villalbilla;1;2;2;4;4;4;4;4;4;3;4;3;3;3;3;3;3;
Municipios;1739;Villamanrique de Tajo;0;0;0;0;0;0;0;0;0;0;0;0;0;0;0;0;0;
Municipios;1744;Villamanta;0;0;0;0;0;0;0;0;0;0;0;0;0;0;0;0;0;
Municipios;1757;Villamantilla;0;0;0;0;0;0;0;0;0;0;0;0;0;0;0;0;0;
Municipios;1782;Villanueva de Perales;0;0;0;0;0;0;0;0;0;0;0;0;0;0;0;0;0;
Municipios;1760;Villanueva de la Cañada;5;7;9;9;9;9;9;9;9;10;10;10;12;12;12;12;11;
Municipios;1776;Villanueva del Pardillo;4;5;7;7;10;10;11;10;8;6;6;6;6;6;5;4;4;
Municipios;1795;Villar del Olmo;0;0;0;0;0;0;0;0;0;0;0;0;0;0;0;0;0;
Municipios;1809;Villarejo de Salvanés;1;1;1;1;1;2;2;2;2;2;2;2;2;2;2;1;1;
Municipios;1816;Villaviciosa de Odón;7;7;7;9;9;9;10;8;8;8;8;8;8;8;8;6;5;
Municipios;1821;Villavieja del Lozoya;0;0;0;0;0;0;0;0;0;0;0;0;0;0;0;0;0;
Municipios;1837;Zarzalejo;0;0;0;0;0;0;0;0;0;0;0;0;0;0;0;0;0;
(P) Dato provisional ;
Notas;
Los cursos se denominan con los dos años que comprenden, pero en las tablas se hace referencia al último año.;
;
Centro escolar: es todo centro creado o autorizado para impartir al menos una de las enseñanzas no universitarias. No se consideran centros escolares las residencias escolares sin unidades escolares apareciendo únicamente especificados como centros con residencia escolar.;
;
El total de centros es menor que la suma de los parciales, puesto que muchos centros imparten varias enseñanzas, y por tanto aparecen en todos los parciales, pero sólo cuentan como un centro en la cuantificación final en "Total de centros".;
;
