Educación, formación e investigación.Educación.Enseñanza no universitaria.Régimen general.Centros.Públicos. Total centros públicos no universitarios. Unidad: Número. Fuente: Subdirección General de Evaluación y Análisis. Vicepresidencia, Consejería de Educación y Universidades.;
Serie;;;2005;2006;2007;2008;2009;2010;2011;2012;2013;2014;2015;2016;2017;2018;2019;2020;2021(P)
Comunidad de Madrid;;Comunidad de Madrid;1373;1414;1463;1517;1556;1606;1639;1671;1680;1688;1678;1701;1694;1695;1706;1726;1725;
Zonas Estadísticas;01;Municipio de Madrid ;421;430;433;453;466;475;504;510;511;511;512;518;516;518;520;536;538;
Zonas Estadísticas;02;Norte Metropolitano ;92;94;96;99;100;102;102;105;105;107;107;109;109;108;109;109;107;
Zonas Estadísticas;03;Este Metropolitano  ;178;182;185;193;196;205;206;207;211;209;207;212;209;211;212;214;214;
Zonas Estadísticas;04;Sur Metropolitano   ;358;368;381;390;402;407;413;422;426;428;433;438;440;439;442;442;442;
Zonas Estadísticas;05;Oeste Metropolitano ;89;94;102;107;107;115;113;119;118;119;115;119;119;119;120;121;121;
Zonas Estadísticas;06;Sierra Norte        ;35;35;38;39;43;45;45;45;43;44;43;43;43;42;42;42;41;
Zonas Estadísticas;07;Nordeste Comunidad  ;24;27;30;31;33;35;34;34;34;34;31;31;30;30;30;30;30;
Zonas Estadísticas;08;Sudeste Comunidad   ;55;57;60;62;64;68;68;71;73;73;71;72;72;72;72;72;72;
Zonas Estadísticas;09;Sudoeste Comunidad  ;47;47;54;58;58;61;62;65;66;68;67;63;65;65;64;64;65;
Zonas Estadísticas;10;Sierra Sur          ;23;24;26;27;28;30;31;30;31;31;29;30;29;29;30;30;30;
Zonas Estadísticas;11;Sierra Central      ;51;56;58;58;59;63;61;63;62;64;63;66;62;62;65;66;65;
Municipios;0014;Acebeda (La);0;0;0;0;0;0;0;0;0;0;0;0;0;0;0;0;0;
Municipios;0029;Ajalvir;2;2;2;2;2;3;3;3;3;3;3;3;3;3;3;3;3;
Municipios;0035;Alameda del Valle;0;0;0;0;0;0;0;0;0;0;0;0;0;0;0;0;0;
Municipios;0040;Alamo (El);3;3;4;5;4;4;4;4;4;4;3;3;3;3;3;3;3;
Municipios;0053;Alcalá de Henares;52;53;54;56;57;59;59;59;60;59;60;61;60;60;60;61;61;
Municipios;0066;Alcobendas;23;24;25;26;26;26;26;26;26;26;26;26;26;26;27;27;27;
Municipios;0072;Alcorcón;37;38;39;41;43;43;46;49;48;49;50;50;50;50;50;51;50;
Municipios;0088;Aldea del Fresno;2;2;2;2;2;2;2;2;2;2;2;2;2;2;2;2;2;
Municipios;0091;Algete;10;10;10;11;11;11;11;12;12;12;12;12;12;12;12;12;12;
Municipios;0105;Alpedrete;4;6;6;6;6;6;6;6;6;6;6;6;6;6;6;6;6;
Municipios;0112;Ambite;0;0;0;0;0;0;0;1;1;1;1;1;1;1;1;1;1;
Municipios;0127;Anchuelo;1;1;1;1;1;1;1;2;2;2;2;2;2;2;2;2;2;
Municipios;0133;Aranjuez;12;12;13;13;13;13;14;14;15;15;15;15;15;15;15;15;15;
Municipios;0148;Arganda del Rey;15;15;15;17;18;19;19;19;19;19;18;19;18;18;18;18;18;
Municipios;0151;Arroyomolinos;4;4;5;6;7;7;7;7;7;7;7;7;9;9;9;9;10;
Municipios;0164;Atazar (El);0;0;0;0;0;0;0;0;0;0;0;0;0;0;0;0;0;
Municipios;0170;Batres;1;1;1;1;1;1;1;2;1;1;1;1;1;1;1;1;1;
Municipios;0186;Becerril de la Sierra;2;2;2;2;2;2;2;2;2;2;2;2;2;2;2;2;2;
Municipios;0199;Belmonte de Tajo;1;1;1;1;1;2;2;2;2;2;2;2;3;3;3;3;3;
Municipios;0210;Berrueco (El);1;1;1;1;1;1;1;1;1;1;1;1;1;1;1;1;1;
Municipios;0203;Berzosa del Lozoya;1;1;1;1;1;1;1;1;1;1;1;1;1;0;0;0;0;
Municipios;0225;Boadilla del Monte;8;9;10;10;10;10;10;10;10;10;10;10;10;10;10;11;11;
Municipios;0231;Boalo (El);1;1;1;1;1;1;1;1;1;1;1;1;1;1;3;3;3;
Municipios;0246;Braojos;0;0;0;0;0;0;0;0;0;0;0;0;0;0;0;0;0;
Municipios;0259;Brea de Tajo;1;1;1;1;1;1;1;1;1;1;1;1;1;1;1;1;1;
Municipios;0262;Brunete;4;4;4;5;5;6;6;6;5;6;5;6;6;6;6;5;5;
Municipios;0278;Buitrago del Lozoya;2;2;2;2;2;2;2;2;2;2;2;2;2;2;2;2;2;
Municipios;0284;Bustarviejo;2;2;2;1;2;2;2;2;2;2;2;2;2;2;2;2;2;
Municipios;0297;Cabanillas de la Sierra;1;1;1;1;1;1;1;1;1;2;2;2;2;2;2;2;2;
Municipios;0301;Cabrera (La);3;3;3;3;3;3;3;3;4;4;4;4;4;4;4;4;4;
Municipios;0318;Cadalso de los Vidrios;2;2;2;2;2;2;2;2;2;2;2;2;2;2;2;2;2;
Municipios;0323;Camarma de Esteruelas;2;3;3;3;3;3;3;3;3;3;2;2;2;2;2;2;2;
Municipios;0339;Campo Real;2;2;3;3;3;3;3;3;3;3;3;3;3;3;3;3;3;
Municipios;0344;Canencia;1;1;1;1;1;1;1;1;0;0;0;0;0;0;0;0;0;
Municipios;0357;Carabaña;1;2;2;2;2;2;2;2;2;2;2;2;2;2;2;2;2;
Municipios;0360;Casarrubuelos;3;3;4;4;4;4;4;4;4;4;4;4;4;4;4;4;4;
Municipios;0376;Cenicientos;2;2;2;2;2;2;2;2;2;2;2;2;2;2;2;2;2;
Municipios;0382;Cercedilla;3;3;3;3;3;3;3;3;3;4;4;4;3;3;3;3;3;
Municipios;0395;Cervera de Buitrago;0;0;0;0;1;1;1;1;1;1;1;1;1;1;1;1;1;
Municipios;0513;Chapinería;2;2;2;2;2;2;3;3;3;3;2;2;2;2;2;2;2;
Municipios;0528;Chinchón;2;2;2;2;2;2;2;2;2;3;3;3;3;3;3;3;3;
Municipios;0409;Ciempozuelos;7;7;7;8;9;9;8;8;8;8;8;8;8;8;8;8;8;
Municipios;0416;Cobeña;2;2;2;2;2;2;2;2;2;2;2;2;2;2;2;2;2;
Municipios;0468;Collado Mediano;2;2;3;3;3;3;3;3;3;3;3;3;3;3;3;4;3;
Municipios;0474;Collado Villalba;16;17;18;18;18;19;19;20;20;20;19;20;20;20;20;20;20;
Municipios;0455;Colmenar Viejo;17;17;18;18;19;19;19;19;19;21;21;22;22;20;20;20;19;
Municipios;0437;Colmenar de Oreja;3;3;3;3;3;3;3;3;4;3;3;3;3;3;3;3;3;
Municipios;0421;Colmenar del Arroyo;1;1;1;2;2;2;2;2;2;2;2;2;2;2;2;2;2;
Municipios;0442;Colmenarejo;4;4;4;4;4;4;4;4;4;4;4;4;4;4;4;4;4;
Municipios;0480;Corpa;0;0;0;0;0;1;1;1;1;1;1;1;1;1;1;1;1;
Municipios;0493;Coslada;29;29;29;30;30;31;31;31;32;30;29;31;29;29;30;30;30;
Municipios;0506;Cubas de la Sagra;2;2;2;2;2;3;3;3;4;4;5;4;4;4;4;4;4;
Municipios;0534;Daganzo de Arriba;3;3;3;4;4;4;4;4;4;4;4;4;4;4;4;4;4;
Municipios;0549;Escorial (El);4;4;4;4;4;5;4;5;4;4;4;5;4;4;4;4;4;
Municipios;0552;Estremera;2;2;2;2;2;2;2;2;2;2;2;2;2;2;2;2;2;
Municipios;0565;Fresnedillas de la Oliva;2;2;2;2;2;2;2;2;2;2;2;2;2;2;2;2;2;
Municipios;0571;Fresno de Torote;2;2;2;2;3;3;3;3;3;3;2;2;2;2;2;2;2;
Municipios;0587;Fuenlabrada;63;63;64;65;65;65;69;70;69;70;71;72;74;74;74;74;74;
Municipios;0590;Fuente el Saz de Jarama;2;2;2;2;3;3;3;3;3;3;2;2;2;2;2;2;2;
Municipios;0604;Fuentidueña de Tajo;2;2;2;2;2;2;2;2;2;2;2;2;2;2;2;2;2;
Municipios;0611;Galapagar;7;7;7;7;7;8;7;8;8;8;8;8;8;8;9;9;9;
Municipios;0626;Garganta de los Montes;1;1;1;1;1;1;1;1;1;0;0;0;0;0;0;0;0;
Municipios;0632;Gargantilla del Lozoya y Pinilla de Buitrago;0;0;0;1;1;1;1;1;0;0;0;0;0;0;0;0;0;
Municipios;0647;Gascones;0;0;0;0;0;0;0;0;0;0;0;0;0;0;0;0;0;
Municipios;0650;Getafe;45;47;49;49;50;52;51;51;52;52;52;54;55;55;57;57;57;
Municipios;0663;Griñón;3;3;3;3;3;3;4;4;5;4;4;4;4;4;4;4;4;
Municipios;0679;Guadalix de la Sierra;2;2;4;4;4;4;4;4;4;5;5;5;5;4;4;4;3;
Municipios;0685;Guadarrama;3;4;4;4;4;6;6;6;6;6;5;6;5;5;5;5;5;
Municipios;0698;Hiruela (La);0;0;0;0;0;0;0;0;0;0;0;0;0;0;0;0;0;
Municipios;0702;Horcajo de la Sierra-Aoslos;0;0;0;0;0;0;0;0;0;0;0;0;0;0;0;0;0;
Municipios;0719;Horcajuelo de la Sierra;0;0;0;0;0;0;0;0;0;0;0;0;0;0;0;0;0;
Municipios;0724;Hoyo de Manzanares;2;2;2;2;3;3;3;3;3;3;3;3;4;4;4;4;4;
Municipios;0730;Humanes de Madrid;6;6;8;8;9;9;9;9;9;10;10;10;10;10;9;9;9;
Municipios;0745;Leganés;61;62;63;63;65;66;65;68;70;68;70;71;70;70;71;71;71;
Municipios;0758;Loeches;2;2;3;3;5;5;5;5;6;6;5;5;5;5;5;5;5;
Municipios;0761;Lozoya;2;2;2;2;2;2;2;2;2;2;2;2;2;2;2;2;2;
Municipios;9015;Lozoyuela-Navas-Sieteiglesias;2;2;2;2;2;2;2;2;2;2;2;2;2;2;2;2;2;
Municipios;0783;Madarcos;0;0;0;0;0;0;0;0;0;0;0;0;0;0;0;0;0;
Municipios;0796;Madrid;421;430;433;453;466;475;504;510;511;511;512;518;516;518;520;536;538;
Municipios;0800;Majadahonda;15;15;15;17;16;19;18;19;19;19;18;19;18;18;18;18;18;
Municipios;0822;Manzanares el Real;2;2;2;2;2;2;2;2;2;2;2;2;2;2;2;2;2;
Municipios;0838;Meco;5;5;5;5;5;5;5;5;5;5;5;5;4;4;4;4;4;
Municipios;0843;Mejorada del Campo;9;9;9;9;9;9;9;9;9;9;9;9;9;9;9;9;9;
Municipios;0856;Miraflores de la Sierra;2;2;2;2;2;2;2;2;2;3;3;3;3;3;3;3;3;
Municipios;0869;Molar (El);2;4;4;4;4;6;5;5;5;5;5;5;5;5;5;5;5;
Municipios;0875;Molinos (Los);1;1;2;2;2;2;2;2;2;2;2;2;2;2;2;2;2;
Municipios;0881;Montejo de la Sierra;1;1;1;1;1;1;1;1;1;1;1;1;1;1;1;1;1;
Municipios;0894;Moraleja de Enmedio;3;3;4;4;4;4;4;5;5;5;5;3;3;3;3;3;3;
Municipios;0908;Moralzarzal;4;4;4;4;4;4;4;4;4;4;4;4;4;4;4;4;4;
Municipios;0915;Morata de Tajuña;4;4;4;4;4;4;4;4;4;4;4;4;4;4;4;4;4;
Municipios;0920;Móstoles;65;65;66;66;68;68;68;69;70;70;70;70;69;69;70;70;70;
Municipios;0936;Navacerrada;2;2;2;2;2;2;2;2;2;2;2;2;2;2;2;2;2;
Municipios;0941;Navalafuente;1;1;1;1;1;1;1;1;1;1;1;1;1;1;1;1;1;
Municipios;0954;Navalagamella;2;2;2;2;2;2;2;2;2;2;2;2;2;2;2;2;2;
Municipios;0967;Navalcarnero;7;7;9;9;9;9;9;9;9;9;9;9;9;9;9;9;9;
Municipios;0973;Navarredonda y San Mamés;0;0;0;0;0;0;0;0;0;0;0;0;0;0;0;0;0;
Municipios;0992;Navas del Rey;2;2;2;2;2;2;2;2;2;2;2;2;2;2;2;2;2;
Municipios;1006;Nuevo Baztán;2;2;2;2;2;2;2;2;2;2;2;2;2;2;2;2;2;
Municipios;1013;Olmeda de las Fuentes;0;0;0;0;0;0;0;1;1;1;1;1;1;1;1;1;1;
Municipios;1028;Orusco de Tajuña;2;2;2;2;2;2;2;2;2;2;2;2;2;2;2;2;2;
Municipios;1049;Paracuellos de Jarama;3;3;4;4;4;5;6;6;7;7;7;7;8;10;10;10;10;
Municipios;1065;Parla;32;33;34;38;39;40;41;42;42;42;42;43;43;43;43;43;44;
Municipios;1071;Patones;1;1;1;1;1;1;1;1;1;1;1;1;1;2;2;2;2;
Municipios;1087;Pedrezuela;2;2;3;3;4;5;5;5;5;5;4;4;4;4;4;4;4;
Municipios;1090;Pelayos de la Presa;1;2;2;2;2;2;2;2;2;2;2;2;2;2;2;2;2;
Municipios;1104;Perales de Tajuña;2;2;2;2;2;2;2;2;2;2;2;2;2;2;2;2;2;
Municipios;1111;Pezuela de las Torres;0;0;0;0;0;1;1;1;1;1;1;1;1;1;1;1;1;
Municipios;1126;Pinilla del Valle;1;1;1;1;1;1;1;1;0;0;0;0;0;0;0;0;0;
Municipios;1132;Pinto;9;11;12;12;14;15;15;15;15;16;17;17;17;16;16;15;15;
Municipios;1147;Piñuécar-Gandullas;0;0;0;0;0;0;0;0;0;0;0;0;0;0;0;0;0;
Municipios;1150;Pozuelo de Alarcón;11;11;13;14;14;14;14;16;16;16;15;15;15;15;15;15;15;
Municipios;1163;Pozuelo del Rey;1;1;1;1;1;1;1;1;1;1;1;1;1;1;1;1;1;
Municipios;1179;Prádena del Rincón;0;0;0;0;0;0;0;0;0;0;0;0;0;0;0;0;0;
Municipios;1185;Puebla de la Sierra;0;0;0;0;0;0;0;0;0;0;0;0;0;0;0;0;0;
Municipios;9020;Puentes Viejas;0;0;0;0;0;0;0;0;0;0;0;0;0;0;0;0;0;
Municipios;1198;Quijorna;2;2;2;2;2;2;2;2;2;2;2;2;2;2;2;2;2;
Municipios;1202;Rascafría;2;2;2;2;2;2;2;2;2;2;2;2;2;2;2;2;2;
Municipios;1219;Redueña;1;1;1;1;1;1;1;1;1;1;1;1;1;1;1;1;1;
Municipios;1224;Ribatejada;1;1;2;2;2;2;2;2;2;2;2;2;2;2;2;2;2;
Municipios;1230;Rivas-Vaciamadrid;22;24;24;24;26;26;26;27;27;27;27;27;28;28;28;28;28;
Municipios;1245;Robledillo de la Jara;0;0;0;0;0;0;0;0;0;0;0;0;0;0;0;0;0;
Municipios;1258;Robledo de Chavela;3;3;3;3;3;3;3;3;3;3;3;3;3;3;3;3;3;
Municipios;1261;Robregordo;0;0;0;0;0;0;0;0;0;0;0;0;0;0;0;0;0;
Municipios;1277;Rozas de Madrid (Las);13;15;17;18;18;19;19;19;19;19;20;20;20;20;20;20;20;
Municipios;1283;Rozas de Puerto Real;1;1;1;1;1;2;2;2;2;2;2;2;2;2;2;2;2;
Municipios;1296;San Agustín del Guadalix;3;4;4;4;4;4;4;4;4;4;4;4;4;4;4;4;4;
Municipios;1300;San Fernando de Henares;14;15;15;16;15;15;15;15;15;15;15;15;15;15;15;15;15;
Municipios;1317;San Lorenzo de El Escorial;6;6;6;6;6;7;6;6;6;6;6;7;7;7;7;7;7;
Municipios;1338;San Martín de Valdeiglesias;3;3;4;4;5;6;6;5;6;6;5;6;5;5;5;5;5;
Municipios;1322;San Martín de la Vega;8;8;8;8;8;8;8;8;8;8;8;8;8;8;8;8;8;
Municipios;1343;San Sebastián de los Reyes;21;21;21;22;22;24;24;25;25;25;25;26;26;26;26;26;26;
Municipios;1356;Santa María de la Alameda;0;0;0;0;0;0;0;0;0;0;0;0;0;0;1;1;1;
Municipios;1369;Santorcaz;0;0;0;0;0;0;0;0;0;0;0;0;0;0;0;0;0;
Municipios;1375;Santos de la Humosa (Los);1;2;2;2;2;3;3;3;3;3;2;3;2;2;2;2;2;
Municipios;1381;Serna del Monte (La);0;0;0;0;0;0;0;0;0;0;0;0;0;0;0;0;0;
Municipios;1408;Serranillos del Valle;2;2;2;2;2;2;2;2;3;3;3;3;3;3;2;2;2;
Municipios;1415;Sevilla la Nueva;4;4;4;4;4;5;5;5;5;5;5;5;5;5;5;5;5;
Municipios;1436;Somosierra;0;0;0;0;0;0;0;0;0;0;0;0;0;0;0;0;0;
Municipios;1441;Soto del Real;4;4;4;4;4;4;4;4;4;4;4;4;4;4;5;5;5;
Municipios;1454;Talamanca de Jarama;1;1;2;2;2;2;2;2;2;2;2;2;2;2;2;2;2;
Municipios;1467;Tielmes;2;2;2;2;2;2;2;2;2;2;2;2;2;2;2;2;2;
Municipios;1473;Titulcia;2;2;2;2;2;2;2;2;2;2;2;2;2;2;2;2;2;
Municipios;1489;Torrejón de Ardoz;29;29;30;31;31;34;34;34;35;36;35;36;35;35;35;36;36;
Municipios;1505;Torrejón de Velasco;2;2;2;2;2;2;2;2;2;2;2;2;2;2;2;2;2;
Municipios;1492;Torrejón de la Calzada;2;2;2;3;3;3;3;3;3;5;5;5;5;5;5;5;5;
Municipios;1512;Torrelaguna;3;3;3;3;4;4;4;4;4;4;4;4;4;4;4;4;4;
Municipios;1527;Torrelodones;5;5;6;6;6;7;7;7;7;7;6;7;6;6;6;6;6;
Municipios;1533;Torremocha de Jarama;1;1;1;1;1;1;1;1;1;1;1;1;1;1;1;1;1;
Municipios;1548;Torres de la Alameda;3;3;3;4;4;4;4;4;4;4;4;4;4;4;4;4;4;
Municipios;9036;Tres Cantos;16;16;16;16;16;16;16;17;17;17;17;17;17;18;18;18;17;
Municipios;1551;Valdaracete;2;2;2;2;2;2;2;2;2;2;2;2;2;2;2;2;2;
Municipios;1564;Valdeavero;1;1;1;1;1;1;1;1;1;1;1;1;1;1;1;1;1;
Municipios;1570;Valdelaguna;0;0;1;1;1;1;1;1;1;1;1;1;1;1;1;1;1;
Municipios;1586;Valdemanco;0;0;0;0;0;1;1;1;1;1;1;1;1;1;1;1;1;
Municipios;1599;Valdemaqueda;0;0;1;1;1;1;1;1;1;1;1;1;1;1;1;1;1;
Municipios;1603;Valdemorillo;4;4;4;4;5;5;5;5;5;5;5;4;4;4;4;4;4;
Municipios;1610;Valdemoro;13;16;18;19;19;19;19;19;20;20;20;20;21;21;21;21;21;
Municipios;1625;Valdeolmos-Alalpardo;3;3;3;3;3;3;3;3;3;3;3;3;3;3;3;3;3;
Municipios;1631;Valdepiélagos;0;0;1;1;1;1;1;1;1;1;1;1;1;1;1;1;1;
Municipios;1646;Valdetorres de Jarama;2;2;2;2;2;2;2;2;2;2;2;2;2;2;2;2;2;
Municipios;1659;Valdilecha;2;2;2;2;2;2;2;2;2;2;2;2;2;2;2;2;2;
Municipios;1662;Valverde de Alcalá;0;0;0;0;0;0;0;0;0;0;0;0;0;0;0;0;0;
Municipios;1678;Velilla de San Antonio;3;3;3;4;4;4;4;4;4;4;4;4;4;4;4;4;4;
Municipios;1684;Vellón (El);2;2;2;2;2;2;2;2;2;2;2;2;2;2;2;2;2;
Municipios;1697;Venturada;1;1;1;2;2;2;2;2;2;2;2;2;2;2;2;2;2;
Municipios;1718;Villa del Prado;3;3;3;3;3;3;3;4;4;4;4;3;3;3;3;3;3;
Municipios;1701;Villaconejos;2;2;2;2;2;2;2;2;2;2;2;2;2;2;2;2;2;
Municipios;1723;Villalbilla;6;6;6;7;7;7;7;7;7;7;7;7;7;7;7;7;7;
Municipios;1739;Villamanrique de Tajo;1;1;1;1;1;1;1;1;1;1;1;1;1;1;1;1;1;
Municipios;1744;Villamanta;2;2;2;2;2;2;2;2;2;2;2;2;2;2;2;2;2;
Municipios;1757;Villamantilla;1;1;1;2;2;3;3;3;2;2;2;2;2;2;2;2;2;
Municipios;1782;Villanueva de Perales;1;1;2;2;2;2;2;2;2;3;2;2;2;2;2;2;2;
Municipios;1760;Villanueva de la Cañada;4;4;4;4;4;4;4;4;4;4;4;4;4;4;4;5;5;
Municipios;1776;Villanueva del Pardillo;3;5;5;5;5;5;5;6;6;6;6;7;6;6;6;6;6;
Municipios;1795;Villar del Olmo;1;1;1;1;1;1;1;1;1;1;1;1;1;1;1;1;1;
Municipios;1809;Villarejo de Salvanés;5;5;5;5;5;5;5;5;5;5;5;5;5;5;5;5;5;
Municipios;1816;Villaviciosa de Odón;4;5;6;6;6;6;6;7;7;7;7;7;8;8;8;8;8;
Municipios;1821;Villavieja del Lozoya;1;1;1;1;1;1;1;1;1;1;1;1;1;1;1;1;1;
Municipios;1837;Zarzalejo;2;2;2;2;2;2;2;2;2;2;2;2;2;2;2;2;2;
(P) Dato provisional ;
Notas;
Los cursos se denominan con los dos años que comprenden, pero en las tablas se hace referencia al último año.;
;
El total de centros es menor que la suma de los parciales, puesto que muchos centros imparten varias enseñanzas, y por tanto aparecen en todos los parciales, pero sólo cuentan como un centro en la cuantificación final en "Total de centros".;
;
Centro escolar: Es todo centro creado o autorizado para impartir al menos una de las enseñanzas no universitarias. No se consideran centros escolares las residencias escolares sin unidades escolares apareciendo únicamente especificados como centros con residencia escolar.;
;
