Salud y servicios sociales.Recursos y asistencia sanitaria.Centros y equipamiento sanitario.Recursos sanitarios. Farmacias. Unidad: Número. Fuente: Colegio Oficial de Farmacéuticos de Madrid.;
Serie;;;2009;2010;2011;2012;2013;2014;2015;2016;2017;2018;2019;2020;2021;2022
Comunidad de Madrid;;Comunidad de Madrid;2800;2806;2820;2825;2830;2838;2843;2851;2858;2869;2880;2905;2910;2923;
Zonas Estadísticas;01;Municipio de Madrid ;1818;1818;1819;1818;1819;1817;1815;1814;1814;1814;1815;1815;1814;1814;
Zonas Estadísticas;02;Norte Metropolitano ;92;92;96;97;96;99;99;99;100;100;100;101;101;103;
Zonas Estadísticas;03;Este Metropolitano  ;182;182;184;184;187;189;190;190;192;196;199;203;203;204;
Zonas Estadísticas;04;Sur Metropolitano   ;412;412;414;415;416;418;419;423;424;426;426;427;430;434;
Zonas Estadísticas;05;Oeste Metropolitano ;120;122;125;128;129;131;136;142;145;149;154;159;159;159;
Zonas Estadísticas;06;Sierra Norte        ;28;28;29;29;29;29;29;28;28;28;28;28;28;28;
Zonas Estadísticas;07;Nordeste Comunidad  ;16;16;16;16;16;17;17;17;17;17;18;20;22;22;
Zonas Estadísticas;08;Sudeste Comunidad   ;42;42;44;44;44;44;44;44;44;43;43;43;43;43;
Zonas Estadísticas;09;Sudoeste Comunidad  ;27;27;27;27;27;27;27;27;27;27;28;39;40;46;
Zonas Estadísticas;10;Sierra Sur          ;18;18;18;18;18;18;18;18;18;18;18;18;18;18;
Zonas Estadísticas;11;Sierra Central      ;45;49;48;49;49;49;49;49;49;51;51;52;52;52;
Municipios;0014;Acebeda (La);0;0;0;0;0;0;0;0;0;0;0;0;0;0;
Municipios;0029;Ajalvir;1;1;1;1;1;1;1;1;1;1;1;1;1;1;
Municipios;0035;Alameda del Valle;1;1;1;1;1;1;1;1;1;1;1;1;1;1;
Municipios;0040;Alamo (El);1;1;1;1;1;1;1;1;1;1;1;2;2;2;
Municipios;0053;Alcalá de Henares;69;69;69;69;69;69;69;69;69;69;69;69;69;69;
Municipios;0066;Alcobendas;34;34;35;36;35;38;38;38;38;38;38;38;38;38;
Municipios;0072;Alcorcón;66;66;66;66;66;66;66;66;66;66;66;66;66;66;
Municipios;0088;Aldea del Fresno;1;1;1;1;1;1;1;1;1;1;1;1;1;1;
Municipios;0091;Algete;5;5;5;5;5;5;5;5;5;5;5;6;6;7;
Municipios;0105;Alpedrete;3;3;3;3;3;3;3;3;3;3;3;3;3;3;
Municipios;0112;Ambite;1;1;1;1;1;1;1;1;1;1;1;1;1;1;
Municipios;0127;Anchuelo;1;1;1;1;1;1;1;1;1;1;1;1;1;1;
Municipios;0133;Aranjuez;16;16;16;16;16;16;16;16;16;16;16;16;16;16;
Municipios;0148;Arganda del Rey;12;12;13;13;13;14;14;15;16;17;17;17;17;17;
Municipios;0151;Arroyomolinos;3;3;3;3;3;3;3;3;3;3;3;9;9;9;
Municipios;0164;Atazar (El);0;0;0;0;0;0;0;0;0;0;0;0;0;0;
Municipios;0170;Batres;1;1;1;1;1;1;1;1;1;1;1;1;1;1;
Municipios;0186;Becerril de la Sierra;2;2;2;2;2;2;2;2;2;2;2;2;2;2;
Municipios;0199;Belmonte de Tajo;1;1;1;1;1;1;1;1;1;1;1;1;1;1;
Municipios;0210;Berrueco (El);1;1;1;1;1;1;1;1;1;1;1;1;1;1;
Municipios;0203;Berzosa del Lozoya;0;0;0;0;0;0;0;0;0;0;0;0;0;0;
Municipios;0225;Boadilla del Monte;8;9;9;9;9;10;12;14;16;16;16;16;16;16;
Municipios;0231;Boalo (El);0;3;2;3;3;3;3;3;3;3;3;3;3;3;
Municipios;0246;Braojos;1;1;1;1;1;1;1;1;1;1;1;1;1;1;
Municipios;0259;Brea de Tajo;1;1;1;1;1;1;1;1;1;1;1;1;1;1;
Municipios;0262;Brunete;2;2;2;2;2;2;2;2;2;2;2;2;2;2;
Municipios;0278;Buitrago del Lozoya;1;1;1;1;1;1;1;1;1;1;1;1;1;1;
Municipios;0284;Bustarviejo;1;1;1;1;1;1;1;1;1;1;1;1;1;1;
Municipios;0297;Cabanillas de la Sierra;1;1;1;1;1;1;1;1;1;1;1;1;1;1;
Municipios;0301;Cabrera (La);1;1;1;1;1;1;1;1;1;1;1;1;1;1;
Municipios;0318;Cadalso de los Vidrios;1;1;1;1;1;1;1;1;1;1;1;1;1;1;
Municipios;0323;Camarma de Esteruelas;1;1;1;1;1;1;1;1;1;1;2;2;2;2;
Municipios;0339;Campo Real;2;2;2;2;2;2;2;2;2;2;2;2;2;2;
Municipios;0344;Canencia;1;1;1;1;1;1;1;1;1;1;1;1;1;1;
Municipios;0357;Carabaña;1;1;1;1;1;1;1;1;1;1;1;1;1;1;
Municipios;0360;Casarrubuelos;1;1;1;1;1;1;1;1;1;1;1;1;1;2;
Municipios;0376;Cenicientos;1;1;1;1;1;1;1;1;1;1;1;1;1;1;
Municipios;0382;Cercedilla;3;3;3;3;3;3;3;3;3;3;3;3;3;3;
Municipios;0395;Cervera de Buitrago;0;0;0;0;0;0;0;0;0;0;0;0;0;0;
Municipios;0513;Chapinería;1;1;1;1;1;1;1;1;1;1;1;1;1;1;
Municipios;0528;Chinchón;2;2;2;2;2;2;2;2;2;2;2;2;2;2;
Municipios;0409;Ciempozuelos;5;5;5;5;5;5;5;5;5;5;5;5;8;8;
Municipios;0416;Cobeña;1;1;1;1;1;1;1;1;1;1;1;1;1;2;
Municipios;0468;Collado Mediano;2;2;2;2;2;2;2;2;2;2;2;2;2;2;
Municipios;0474;Collado Villalba;17;17;18;18;18;18;19;19;19;19;19;19;19;19;
Municipios;0455;Colmenar Viejo;13;13;14;14;14;14;14;14;15;15;15;15;15;15;
Municipios;0437;Colmenar de Oreja;3;3;3;3;3;3;3;3;3;3;3;3;3;3;
Municipios;0421;Colmenar del Arroyo;1;1;1;1;1;1;1;1;1;1;1;1;1;1;
Municipios;0442;Colmenarejo;2;2;2;2;2;2;2;2;2;2;2;2;2;2;
Municipios;0480;Corpa;1;1;1;1;1;1;1;1;1;1;1;1;1;1;
Municipios;0493;Coslada;29;29;29;29;30;30;30;30;30;30;30;30;30;30;
Municipios;0506;Cubas de la Sagra;1;1;1;1;1;1;1;1;1;1;1;2;2;2;
Municipios;0534;Daganzo de Arriba;2;2;2;2;2;2;2;2;2;2;2;2;2;2;
Municipios;0549;Escorial (El);5;5;5;5;5;5;5;5;5;5;5;5;5;5;
Municipios;0552;Estremera;1;1;1;1;1;1;1;1;1;1;1;1;1;1;
Municipios;0565;Fresnedillas de la Oliva;1;1;1;1;1;1;1;1;1;1;1;1;1;1;
Municipios;0571;Fresno de Torote;1;1;1;1;1;1;1;1;1;1;1;1;1;1;
Municipios;0587;Fuenlabrada;66;66;66;66;66;66;66;66;66;66;66;66;66;66;
Municipios;0590;Fuente el Saz de Jarama;2;2;2;2;2;2;2;2;2;2;2;2;2;2;
Municipios;0604;Fuentidueña de Tajo;1;1;1;1;1;1;1;1;1;1;1;1;1;1;
Municipios;0611;Galapagar;10;10;10;10;10;10;10;10;10;10;10;10;10;10;
Municipios;0626;Garganta de los Montes;1;1;1;1;1;1;1;1;1;1;1;1;1;1;
Municipios;0632;Gargantilla del Lozoya y Pinilla de Buitrago;1;1;1;1;1;1;1;1;1;1;1;1;1;1;
Municipios;0647;Gascones;0;0;0;0;0;0;0;0;0;0;0;0;0;0;
Municipios;0650;Getafe;61;61;61;61;61;61;61;61;61;61;61;61;61;61;
Municipios;0663;Griñón;2;2;2;2;2;2;2;2;2;2;2;2;2;2;
Municipios;0679;Guadalix de la Sierra;1;1;2;2;2;2;2;2;2;2;2;2;2;2;
Municipios;0685;Guadarrama;4;4;4;4;4;4;4;4;4;4;4;4;4;4;
Municipios;0698;Hiruela (La);0;0;0;0;0;0;0;0;0;0;0;0;0;0;
Municipios;0702;Horcajo de la Sierra-Aoslos;0;0;0;0;0;0;0;0;0;0;0;0;0;0;
Municipios;0719;Horcajuelo de la Sierra;0;0;0;0;0;0;0;0;0;0;0;0;0;0;
Municipios;0724;Hoyo de Manzanares;3;3;3;3;3;3;3;3;3;3;3;3;3;3;
Municipios;0730;Humanes de Madrid;4;4;4;4;4;4;4;4;4;4;4;4;4;7;
Municipios;0745;Leganés;66;66;66;67;67;67;68;68;68;68;68;68;68;68;
Municipios;0758;Loeches;1;1;2;2;2;2;2;2;2;2;2;2;2;2;
Municipios;0761;Lozoya;1;1;1;1;1;1;1;1;1;1;1;1;1;1;
Municipios;9015;Lozoyuela-Navas-Sieteiglesias;1;1;1;1;1;1;1;1;1;1;1;1;1;1;
Municipios;0783;Madarcos;0;0;0;0;0;0;0;0;0;0;0;0;0;0;
Municipios;0796;Madrid;1818;1818;1819;1818;1819;1817;1815;1814;1814;1814;1815;1815;1814;1814;
Municipios;0800;Majadahonda;19;19;20;21;21;21;23;25;25;24;25;25;25;25;
Municipios;0822;Manzanares el Real;2;2;2;2;2;2;2;2;2;2;2;2;2;2;
Municipios;0838;Meco;3;3;3;3;3;3;3;3;3;3;3;4;4;4;
Municipios;0843;Mejorada del Campo;5;5;5;5;5;5;5;5;5;5;5;6;6;7;
Municipios;0856;Miraflores de la Sierra;3;3;3;3;3;3;3;3;3;3;3;3;3;3;
Municipios;0869;Molar (El);1;1;1;1;1;2;2;2;2;2;2;2;2;2;
Municipios;0875;Molinos (Los);2;2;2;2;2;2;2;2;2;2;2;2;2;2;
Municipios;0881;Montejo de la Sierra;1;1;1;1;1;1;1;1;1;1;1;1;1;1;
Municipios;0894;Moraleja de Enmedio;1;1;1;1;1;1;1;1;1;1;1;1;1;1;
Municipios;0908;Moralzarzal;3;3;3;3;3;3;3;3;3;3;3;3;3;3;
Municipios;0915;Morata de Tajuña;2;2;2;2;2;2;2;2;2;2;2;2;2;2;
Municipios;0920;Móstoles;73;73;73;73;73;73;73;73;73;73;73;73;73;73;
Municipios;0936;Navacerrada;1;1;1;1;1;1;1;1;1;1;1;1;1;1;
Municipios;0941;Navalafuente;1;1;1;1;1;1;1;1;1;1;1;1;1;1;
Municipios;0954;Navalagamella;1;1;1;1;1;1;1;1;1;1;1;1;1;1;
Municipios;0967;Navalcarnero;6;6;6;6;6;6;6;6;6;6;6;7;8;9;
Municipios;0973;Navarredonda y San Mamés;0;0;0;0;0;0;0;0;0;0;0;0;0;0;
Municipios;0992;Navas del Rey;2;2;2;2;2;2;2;2;2;2;2;2;2;2;
Municipios;1006;Nuevo Baztán;2;2;2;2;2;2;2;2;2;2;2;2;2;2;
Municipios;1013;Olmeda de las Fuentes;1;1;1;1;1;1;1;1;1;1;1;1;1;1;
Municipios;1028;Orusco de Tajuña;1;1;1;1;1;1;1;1;1;1;1;1;1;1;
Municipios;1049;Paracuellos de Jarama;2;2;2;2;2;2;2;1;1;3;5;6;6;6;
Municipios;1065;Parla;28;28;28;28;28;28;28;28;28;28;28;28;28;28;
Municipios;1071;Patones;1;1;1;1;1;1;1;1;1;1;1;1;1;1;
Municipios;1087;Pedrezuela;1;1;1;1;1;1;1;1;1;1;1;1;1;1;
Municipios;1090;Pelayos de la Presa;1;1;1;1;1;1;1;1;1;1;1;1;1;1;
Municipios;1104;Perales de Tajuña;1;1;1;1;1;1;1;1;1;1;1;1;1;1;
Municipios;1111;Pezuela de las Torres;1;1;1;1;1;1;1;1;1;1;1;1;1;1;
Municipios;1126;Pinilla del Valle;1;1;1;1;1;1;1;1;1;1;1;1;1;1;
Municipios;1132;Pinto;11;11;12;12;13;13;13;15;15;15;15;15;15;15;
Municipios;1147;Piñuécar-Gandullas;1;1;1;1;1;1;1;0;0;0;0;0;0;0;
Municipios;1150;Pozuelo de Alarcón;25;25;25;26;26;26;26;28;29;29;29;29;29;29;
Municipios;1163;Pozuelo del Rey;1;1;1;1;1;1;1;1;1;1;1;1;1;1;
Municipios;1179;Prádena del Rincón;0;0;0;0;0;0;0;0;0;0;0;0;0;0;
Municipios;1185;Puebla de la Sierra;0;0;0;0;0;0;0;0;0;0;0;0;0;0;
Municipios;9020;Puentes Viejas;1;1;1;1;1;1;1;1;1;1;1;1;1;1;
Municipios;1198;Quijorna;1;1;1;1;1;1;1;1;1;1;1;1;1;1;
Municipios;1202;Rascafría;1;1;1;1;1;1;1;1;1;1;1;1;1;1;
Municipios;1219;Redueña;1;1;1;1;1;1;1;1;1;1;1;1;1;1;
Municipios;1224;Ribatejada;1;1;1;1;1;1;1;1;1;1;1;1;1;1;
Municipios;1230;Rivas-Vaciamadrid;14;14;15;15;17;18;19;19;20;21;22;24;24;24;
Municipios;1245;Robledillo de la Jara;0;0;0;0;0;0;0;0;0;0;0;0;0;0;
Municipios;1258;Robledo de Chavela;2;2;2;2;2;2;2;2;2;2;2;2;2;2;
Municipios;1261;Robregordo;0;0;0;0;0;0;0;0;0;0;0;0;0;0;
Municipios;1277;Rozas de Madrid (Las);20;21;22;23;24;25;25;25;25;27;29;32;32;32;
Municipios;1283;Rozas de Puerto Real;1;1;1;1;1;1;1;1;1;1;1;1;1;1;
Municipios;1296;San Agustín del Guadalix;2;2;2;2;2;2;2;2;2;2;2;2;2;2;
Municipios;1300;San Fernando de Henares;11;11;11;11;11;11;11;11;11;11;11;11;11;11;
Municipios;1317;San Lorenzo de El Escorial;5;6;6;6;6;6;6;6;6;6;6;6;6;6;
Municipios;1338;San Martín de Valdeiglesias;3;3;3;3;3;3;3;3;3;3;3;3;3;3;
Municipios;1322;San Martín de la Vega;4;4;4;4;4;4;4;4;4;4;4;5;5;6;
Municipios;1343;San Sebastián de los Reyes;24;24;25;25;25;25;25;25;25;25;25;25;25;25;
Municipios;1356;Santa María de la Alameda;1;1;1;1;1;1;1;1;1;1;1;1;1;1;
Municipios;1369;Santorcaz;1;1;1;1;1;1;1;1;1;1;1;1;1;1;
Municipios;1375;Santos de la Humosa (Los);1;1;1;1;1;1;1;1;1;1;1;1;1;1;
Municipios;1381;Serna del Monte (La);0;0;0;0;0;0;0;0;0;0;0;0;0;0;
Municipios;1408;Serranillos del Valle;1;1;1;1;1;1;1;1;1;1;1;1;1;2;
Municipios;1415;Sevilla la Nueva;1;1;1;1;1;1;1;1;1;1;1;1;1;3;
Municipios;1436;Somosierra;0;0;0;0;0;0;0;0;0;0;0;0;0;0;
Municipios;1441;Soto del Real;3;3;3;3;3;3;3;3;3;3;3;3;3;3;
Municipios;1454;Talamanca de Jarama;1;1;1;1;1;1;1;1;1;1;1;1;2;2;
Municipios;1467;Tielmes;1;1;1;1;1;1;1;1;1;1;1;1;1;1;
Municipios;1473;Titulcia;1;1;1;1;1;1;1;1;1;1;1;1;1;1;
Municipios;1489;Torrejón de Ardoz;35;35;35;35;35;35;35;35;35;35;35;35;35;35;
Municipios;1505;Torrejón de Velasco;1;1;1;1;1;1;1;1;1;1;1;1;1;2;
Municipios;1492;Torrejón de la Calzada;1;1;1;1;1;1;1;1;1;1;2;4;4;4;
Municipios;1512;Torrelaguna;1;1;1;1;1;1;1;1;1;1;1;1;1;1;
Municipios;1527;Torrelodones;5;5;5;5;5;5;5;5;5;6;7;8;8;8;
Municipios;1533;Torremocha de Jarama;1;1;1;1;1;1;1;1;1;1;1;1;1;1;
Municipios;1548;Torres de la Alameda;2;2;2;2;2;2;2;2;2;2;2;2;2;2;
Municipios;9036;Tres Cantos;13;13;14;14;14;14;14;14;14;14;14;14;14;14;
Municipios;1551;Valdaracete;1;1;1;1;1;1;1;1;1;0;0;0;0;0;
Municipios;1564;Valdeavero;1;1;1;1;1;1;1;1;1;1;1;1;1;1;
Municipios;1570;Valdelaguna;1;1;1;1;1;1;1;1;1;1;1;1;1;1;
Municipios;1586;Valdemanco;1;1;1;1;1;1;1;1;1;1;1;1;1;1;
Municipios;1599;Valdemaqueda;1;1;1;1;1;1;1;1;1;1;1;1;1;1;
Municipios;1603;Valdemorillo;3;3;3;3;3;3;3;3;3;3;3;3;3;3;
Municipios;1610;Valdemoro;12;12;13;13;13;15;15;17;18;20;20;20;20;20;
Municipios;1625;Valdeolmos-Alalpardo;1;1;1;1;1;1;1;1;1;1;1;1;1;1;
Municipios;1631;Valdepiélagos;1;1;1;1;1;1;1;1;1;1;1;1;1;1;
Municipios;1646;Valdetorres de Jarama;1;1;1;1;1;1;1;1;1;1;1;2;3;3;
Municipios;1659;Valdilecha;1;1;1;1;1;1;1;1;1;1;1;1;1;1;
Municipios;1662;Valverde de Alcalá;1;1;1;1;1;1;1;1;1;1;1;1;1;1;
Municipios;1678;Velilla de San Antonio;4;4;4;4;4;4;4;4;4;4;4;4;4;4;
Municipios;1684;Vellón (El);1;1;1;1;1;1;1;1;1;1;1;1;1;1;
Municipios;1697;Venturada;1;1;1;1;1;1;1;1;1;1;1;1;1;1;
Municipios;1718;Villa del Prado;2;2;2;2;2;2;2;2;2;2;2;2;2;2;
Municipios;1701;Villaconejos;1;1;1;1;1;1;1;1;1;1;1;1;1;1;
Municipios;1723;Villalbilla;2;2;3;3;3;3;3;3;3;3;3;3;3;3;
Municipios;1739;Villamanrique de Tajo;1;1;1;1;1;1;1;1;1;1;1;1;1;1;
Municipios;1744;Villamanta;1;1;1;1;1;1;1;1;1;1;1;1;1;1;
Municipios;1757;Villamantilla;1;1;1;1;1;1;1;1;1;1;1;1;1;1;
Municipios;1782;Villanueva de Perales;1;1;1;1;1;1;1;1;1;1;1;1;1;1;
Municipios;1760;Villanueva de la Cañada;4;4;4;4;4;4;4;4;4;4;5;6;6;6;
Municipios;1776;Villanueva del Pardillo;2;2;2;2;2;2;2;2;2;4;4;5;5;5;
Municipios;1795;Villar del Olmo;1;1;1;1;1;1;1;1;1;1;1;1;1;1;
Municipios;1809;Villarejo de Salvanés;2;2;2;2;2;2;2;2;2;2;2;2;2;2;
Municipios;1816;Villaviciosa de Odón;7;7;7;7;7;7;7;7;7;9;9;9;9;9;
Municipios;1821;Villavieja del Lozoya;1;1;1;1;1;1;1;1;1;1;1;1;1;1;
Municipios;1837;Zarzalejo;1;1;1;1;1;1;1;1;1;1;1;1;1;1;
