Magnitudes económicas.Finanzas .Entidades. Total entidades de crédito. Unidad: Número. Fuente: Dirección General de Economía. Comunidad de Madrid.;
Serie;;;2014;2016;2017;2018;2019;2020;2021
Comunidad de Madrid;;Comunidad de Madrid;4175;3581;3563;3159;2943;2511;2076;
Zonas Estadísticas;01;Municipio de Madrid ;2365;1971;1961;1726;1604;1351;1123;
Zonas Estadísticas;02;Norte Metropolitano ;226;200;199;181;172;152;125;
Zonas Estadísticas;03;Este Metropolitano  ;336;306;306;278;253;219;175;
Zonas Estadísticas;04;Sur Metropolitano   ;698;622;619;535;499;417;349;
Zonas Estadísticas;05;Oeste Metropolitano ;278;232;228;201;191;171;144;
Zonas Estadísticas;06;Sierra Norte        ;21;19;19;19;19;18;14;
Zonas Estadísticas;07;Nordeste Comunidad  ;31;30;30;29;28;25;17;
Zonas Estadísticas;08;Sudeste Comunidad   ;58;55;55;52;49;43;36;
Zonas Estadísticas;09;Sudoeste Comunidad  ;70;65;64;59;54;47;41;
Zonas Estadísticas;10;Sierra Sur          ;21;16;16;14;13;12;13;
Zonas Estadísticas;11;Sierra Central      ;71;65;66;65;61;56;39;
Municipios;0014;Acebeda (La);0;0;0;0;0;0;0;
Municipios;0029;Ajalvir;5;5;5;5;5;4;3;
Municipios;0035;Alameda del Valle;0;0;0;0;0;0;0;
Municipios;0040;Alamo (El);4;4;4;3;3;3;2;
Municipios;0053;Alcalá de Henares;101;94;94;85;79;67;50;
Municipios;0066;Alcobendas;98;91;91;80;80;68;58;
Municipios;0072;Alcorcón;101;94;91;77;69;57;50;
Municipios;0088;Aldea del Fresno;2;1;1;1;1;1;1;
Municipios;0091;Algete;12;11;11;10;8;7;6;
Municipios;0105;Alpedrete;5;5;5;5;5;4;3;
Municipios;0112;Ambite;0;0;0;0;0;0;0;
Municipios;0127;Anchuelo;0;0;0;0;0;0;0;
Municipios;0133;Aranjuez;28;26;26;24;24;19;16;
Municipios;0148;Arganda del Rey;34;31;31;27;25;19;15;
Municipios;0151;Arroyomolinos;10;11;10;9;7;5;7;
Municipios;0164;Atazar (El);0;0;0;0;0;0;0;
Municipios;0170;Batres;0;0;0;0;0;0;0;
Municipios;0186;Becerril de la Sierra;4;4;4;4;4;3;2;
Municipios;0199;Belmonte de Tajo;1;1;1;1;1;1;1;
Municipios;0210;Berrueco (El);0;0;0;0;0;0;0;
Municipios;0203;Berzosa del Lozoya;0;0;0;0;0;0;0;
Municipios;0225;Boadilla del Monte;28;21;20;19;20;18;16;
Municipios;0231;Boalo (El);1;0;0;0;0;0;0;
Municipios;0246;Braojos;0;0;0;0;0;0;0;
Municipios;0259;Brea de Tajo;0;0;0;0;0;0;0;
Municipios;0262;Brunete;7;7;7;7;7;6;4;
Municipios;0278;Buitrago del Lozoya;4;4;4;4;4;4;2;
Municipios;0284;Bustarviejo;2;1;1;1;1;1;1;
Municipios;0297;Cabanillas de la Sierra;0;0;0;0;0;0;0;
Municipios;0301;Cabrera (La);1;1;1;1;1;1;1;
Municipios;0318;Cadalso de los Vidrios;3;2;2;2;2;2;2;
Municipios;0323;Camarma de Esteruelas;5;5;5;5;5;3;2;
Municipios;0339;Campo Real;6;6;6;6;5;5;4;
Municipios;0344;Canencia;0;0;0;0;0;0;0;
Municipios;0357;Carabaña;1;0;0;0;0;0;0;
Municipios;0360;Casarrubuelos;1;1;1;0;0;0;0;
Municipios;0376;Cenicientos;2;2;2;2;2;2;3;
Municipios;0382;Cercedilla;4;4;4;4;4;4;2;
Municipios;0395;Cervera de Buitrago;0;0;0;0;0;0;0;
Municipios;0513;Chapinería;2;2;2;2;1;1;1;
Municipios;0528;Chinchón;4;4;4;4;4;3;2;
Municipios;0409;Ciempozuelos;9;9;9;9;9;8;8;
Municipios;0416;Cobeña;4;4;4;4;4;4;3;
Municipios;0468;Collado Mediano;3;3;3;3;3;3;2;
Municipios;0474;Collado Villalba;37;30;30;26;25;22;14;
Municipios;0455;Colmenar Viejo;24;20;20;19;18;17;15;
Municipios;0437;Colmenar de Oreja;5;5;5;5;5;4;3;
Municipios;0421;Colmenar del Arroyo;1;1;1;0;0;0;0;
Municipios;0442;Colmenarejo;4;3;3;3;3;3;2;
Municipios;0480;Corpa;0;0;0;0;0;0;0;
Municipios;0493;Coslada;48;46;46;38;32;29;25;
Municipios;0506;Cubas de la Sagra;2;2;2;1;1;1;1;
Municipios;0534;Daganzo de Arriba;6;6;6;6;6;5;3;
Municipios;0549;Escorial (El);4;4;4;5;5;5;4;
Municipios;0552;Estremera;2;2;2;2;2;2;1;
Municipios;0565;Fresnedillas de la Oliva;0;0;0;0;0;0;0;
Municipios;0571;Fresno de Torote;0;0;0;0;0;0;0;
Municipios;0587;Fuenlabrada;99;88;88;72;69;59;43;
Municipios;0590;Fuente el Saz de Jarama;4;4;4;4;4;4;3;
Municipios;0604;Fuentidueña de Tajo;2;2;2;2;2;2;2;
Municipios;0611;Galapagar;7;6;6;5;5;4;4;
Municipios;0626;Garganta de los Montes;0;0;0;0;0;0;0;
Municipios;0632;Gargantilla del Lozoya y Pinilla de Buitrago;0;0;0;0;0;0;0;
Municipios;0647;Gascones;0;0;0;0;0;0;0;
Municipios;0650;Getafe;95;91;90;83;75;66;57;
Municipios;0663;Griñón;8;8;8;8;8;7;7;
Municipios;0679;Guadalix de la Sierra;3;3;3;3;3;3;2;
Municipios;0685;Guadarrama;6;6;6;6;6;5;3;
Municipios;0698;Hiruela (La);0;0;0;0;0;0;0;
Municipios;0702;Horcajo de la Sierra-Aoslos;0;0;0;0;0;0;0;
Municipios;0719;Horcajuelo de la Sierra;0;0;0;0;0;0;0;
Municipios;0724;Hoyo de Manzanares;5;4;4;4;4;4;3;
Municipios;0730;Humanes de Madrid;11;9;9;8;8;4;3;
Municipios;0745;Leganés;107;95;96;79;78;59;50;
Municipios;0758;Loeches;5;5;5;5;5;3;3;
Municipios;0761;Lozoya;2;2;2;2;2;2;1;
Municipios;9015;Lozoyuela-Navas-Sieteiglesias;1;1;1;1;1;1;1;
Municipios;0783;Madarcos;0;0;0;0;0;0;0;
Municipios;0796;Madrid;2365;1971;1961;1726;1604;1351;1123;
Municipios;0800;Majadahonda;47;39;39;32;31;28;29;
Municipios;0822;Manzanares el Real;4;4;4;4;4;3;2;
Municipios;0838;Meco;6;6;6;6;6;6;5;
Municipios;0843;Mejorada del Campo;9;8;8;7;6;5;5;
Municipios;0856;Miraflores de la Sierra;4;4;4;3;3;3;2;
Municipios;0869;Molar (El);6;5;5;5;4;4;2;
Municipios;0875;Molinos (Los);1;1;1;1;1;1;1;
Municipios;0881;Montejo de la Sierra;0;0;0;0;0;0;0;
Municipios;0894;Moraleja de Enmedio;6;5;5;5;4;4;2;
Municipios;0908;Moralzarzal;5;5;5;5;4;4;2;
Municipios;0915;Morata de Tajuña;6;5;5;4;3;3;3;
Municipios;0920;Móstoles;117;95;95;86;79;69;57;
Municipios;0936;Navacerrada;3;2;2;2;2;2;1;
Municipios;0941;Navalafuente;0;0;0;0;0;0;0;
Municipios;0954;Navalagamella;2;1;1;0;0;0;0;
Municipios;0967;Navalcarnero;14;11;11;10;9;6;5;
Municipios;0973;Navarredonda y San Mamés;0;0;0;0;0;0;0;
Municipios;0992;Navas del Rey;1;1;1;1;1;1;1;
Municipios;1006;Nuevo Baztán;1;1;1;1;1;1;1;
Municipios;1013;Olmeda de las Fuentes;0;0;0;0;0;0;0;
Municipios;1028;Orusco de Tajuña;0;1;1;1;1;1;0;
Municipios;1049;Paracuellos de Jarama;8;9;9;9;8;8;7;
Municipios;1065;Parla;51;44;44;38;34;28;23;
Municipios;1071;Patones;0;0;0;0;0;0;0;
Municipios;1087;Pedrezuela;2;2;2;2;2;1;1;
Municipios;1090;Pelayos de la Presa;1;1;1;1;1;1;1;
Municipios;1104;Perales de Tajuña;2;2;2;2;2;2;2;
Municipios;1111;Pezuela de las Torres;0;0;0;0;0;0;0;
Municipios;1126;Pinilla del Valle;0;0;0;0;0;0;0;
Municipios;1132;Pinto;34;31;31;26;25;22;20;
Municipios;1147;Piñuécar-Gandullas;0;0;0;0;0;0;0;
Municipios;1150;Pozuelo de Alarcón;54;47;45;39;34;29;24;
Municipios;1163;Pozuelo del Rey;0;0;0;0;0;0;0;
Municipios;1179;Prádena del Rincón;0;0;0;0;0;0;0;
Municipios;1185;Puebla de la Sierra;0;0;0;0;0;0;0;
Municipios;9020;Puentes Viejas;0;0;0;0;0;0;0;
Municipios;1198;Quijorna;2;2;2;1;1;1;1;
Municipios;1202;Rascafría;2;2;2;2;2;2;2;
Municipios;1219;Redueña;0;0;0;0;0;0;0;
Municipios;1224;Ribatejada;0;0;0;0;0;0;0;
Municipios;1230;Rivas-Vaciamadrid;35;30;30;30;25;23;21;
Municipios;1245;Robledillo de la Jara;0;0;0;0;0;0;0;
Municipios;1258;Robledo de Chavela;3;2;2;2;2;2;1;
Municipios;1261;Robregordo;0;0;0;0;0;0;0;
Municipios;1277;Rozas de Madrid (Las);51;43;42;35;33;30;25;
Municipios;1283;Rozas de Puerto Real;0;0;0;0;0;0;0;
Municipios;1296;San Agustín del Guadalix;7;5;5;5;4;4;4;
Municipios;1300;San Fernando de Henares;27;21;21;19;17;15;11;
Municipios;1317;San Lorenzo de El Escorial;9;6;7;6;6;5;4;
Municipios;1338;San Martín de Valdeiglesias;5;4;4;4;4;3;4;
Municipios;1322;San Martín de la Vega;8;7;7;7;5;5;4;
Municipios;1343;San Sebastián de los Reyes;56;46;45;43;38;33;25;
Municipios;1356;Santa María de la Alameda;0;0;0;0;0;0;0;
Municipios;1369;Santorcaz;0;0;0;0;0;0;0;
Municipios;1375;Santos de la Humosa (Los);1;0;0;0;0;0;0;
Municipios;1381;Serna del Monte (La);0;0;0;0;0;0;0;
Municipios;1408;Serranillos del Valle;1;1;1;1;1;1;2;
Municipios;1415;Sevilla la Nueva;5;5;5;5;5;4;3;
Municipios;1436;Somosierra;0;0;0;0;0;0;0;
Municipios;1441;Soto del Real;3;3;3;3;3;3;3;
Municipios;1454;Talamanca de Jarama;1;1;1;0;0;0;0;
Municipios;1467;Tielmes;3;2;2;1;1;1;2;
Municipios;1473;Titulcia;0;0;0;0;0;0;0;
Municipios;1489;Torrejón de Ardoz;62;56;56;52;50;43;35;
Municipios;1505;Torrejón de Velasco;3;3;3;3;3;3;2;
Municipios;1492;Torrejón de la Calzada;7;6;6;7;6;6;4;
Municipios;1512;Torrelaguna;4;3;3;3;3;3;2;
Municipios;1527;Torrelodones;12;9;9;10;10;10;7;
Municipios;1533;Torremocha de Jarama;0;0;0;0;0;0;0;
Municipios;1548;Torres de la Alameda;4;4;4;4;4;3;2;
Municipios;9036;Tres Cantos;25;23;23;20;20;19;14;
Municipios;1551;Valdaracete;0;0;0;0;0;0;0;
Municipios;1564;Valdeavero;0;0;0;0;0;0;0;
Municipios;1570;Valdelaguna;0;0;0;0;0;0;0;
Municipios;1586;Valdemanco;0;0;0;0;0;0;0;
Municipios;1599;Valdemaqueda;0;0;0;0;0;0;0;
Municipios;1603;Valdemorillo;5;5;5;5;3;3;2;
Municipios;1610;Valdemoro;38;33;33;26;24;21;18;
Municipios;1625;Valdeolmos-Alalpardo;1;1;1;1;1;1;1;
Municipios;1631;Valdepiélagos;0;0;0;0;0;0;0;
Municipios;1646;Valdetorres de Jarama;2;2;2;2;2;2;1;
Municipios;1659;Valdilecha;2;2;2;2;2;2;2;
Municipios;1662;Valverde de Alcalá;0;0;0;0;0;0;0;
Municipios;1678;Velilla de San Antonio;7;6;6;6;6;6;3;
Municipios;1684;Vellón (El);0;0;0;0;0;0;0;
Municipios;1697;Venturada;0;0;0;0;0;0;1;
Municipios;1718;Villa del Prado;4;4;4;4;4;4;3;
Municipios;1701;Villaconejos;3;3;3;2;2;2;2;
Municipios;1723;Villalbilla;4;4;4;4;4;3;2;
Municipios;1739;Villamanrique de Tajo;0;0;0;0;0;0;0;
Municipios;1744;Villamanta;1;1;1;1;1;1;1;
Municipios;1757;Villamantilla;0;0;0;0;0;0;0;
Municipios;1782;Villanueva de Perales;0;0;0;0;0;0;0;
Municipios;1760;Villanueva de la Cañada;10;10;10;9;7;6;5;
Municipios;1776;Villanueva del Pardillo;6;6;6;6;5;5;4;
Municipios;1795;Villar del Olmo;0;0;0;0;0;0;0;
Municipios;1809;Villarejo de Salvanés;6;6;6;6;5;5;4;
Municipios;1816;Villaviciosa de Odón;20;16;16;15;15;14;13;
Municipios;1821;Villavieja del Lozoya;0;0;0;0;0;0;0;
Municipios;1837;Zarzalejo;1;0;0;0;0;0;0;
