Urbanismo, vivienda y construcción.Censo de vivienda y locales.Censo 2011.Viviendas.Total. Total viviendas censadas. Unidad: Número. Fuente: Censo de Población y Vivienda. INE.;
Serie;;;2011
Comunidad de Madrid;;Comunidad de Madrid;2894680;
Zonas Estadísticas;01;Municipio de Madrid ;1530955;
Zonas Estadísticas;02;Norte Metropolitano ;122400;
Zonas Estadísticas;03;Este Metropolitano  ;242510;
Zonas Estadísticas;04;Sur Metropolitano   ;509355;
Zonas Estadísticas;05;Oeste Metropolitano ;186660;
Zonas Estadísticas;06;Sierra Norte        ;34850;
Zonas Estadísticas;07;Nordeste Comunidad  ;27370;
Zonas Estadísticas;08;Sudeste Comunidad   ;56030;
Zonas Estadísticas;09;Sudoeste Comunidad  ;57320;
Zonas Estadísticas;10;Sierra Sur          ;29395;
Zonas Estadísticas;11;Sierra Central      ;97840;
Municipios;0014;Acebeda (La);145;
Municipios;0029;Ajalvir;1565;
Municipios;0035;Alameda del Valle;395;
Municipios;0040;Alamo (El);4085;
Municipios;0053;Alcalá de Henares;78915;
Municipios;0066;Alcobendas;41180;
Municipios;0072;Alcorcón;70855;
Municipios;0088;Aldea del Fresno;1990;
Municipios;0091;Algete;7950;
Municipios;0105;Alpedrete;7250;
Municipios;0112;Ambite;735;
Municipios;0127;Anchuelo;605;
Municipios;0133;Aranjuez;24790;
Municipios;0148;Arganda del Rey;20460;
Municipios;0151;Arroyomolinos;10045;
Municipios;0164;Atazar (El);70;
Municipios;0170;Batres;995;
Municipios;0186;Becerril de la Sierra;4130;
Municipios;0199;Belmonte de Tajo;965;
Municipios;0210;Berrueco (El);830;
Municipios;0203;Berzosa del Lozoya;170;
Municipios;0225;Boadilla del Monte;16380;
Municipios;0231;Boalo (El);4285;
Municipios;0246;Braojos;240;
Municipios;0259;Brea de Tajo;475;
Municipios;0262;Brunete;4085;
Municipios;0278;Buitrago del Lozoya;1235;
Municipios;0284;Bustarviejo;2410;
Municipios;0297;Cabanillas de la Sierra;630;
Municipios;0301;Cabrera (La);1720;
Municipios;0318;Cadalso de los Vidrios;2860;
Municipios;0323;Camarma de Esteruelas;2905;
Municipios;0339;Campo Real;2845;
Municipios;0344;Canencia;690;
Municipios;0357;Carabaña;1650;
Municipios;0360;Casarrubuelos;1240;
Municipios;0376;Cenicientos;1985;
Municipios;0382;Cercedilla;5040;
Municipios;0395;Cervera de Buitrago;215;
Municipios;0513;Chapinería;1395;
Municipios;0528;Chinchón;3045;
Municipios;0409;Ciempozuelos;9765;
Municipios;0416;Cobeña;2765;
Municipios;0468;Collado Mediano;4255;
Municipios;0474;Collado Villalba;27740;
Municipios;0455;Colmenar Viejo;18925;
Municipios;0437;Colmenar de Oreja;4925;
Municipios;0421;Colmenar del Arroyo;1105;
Municipios;0442;Colmenarejo;3750;
Municipios;0480;Corpa;405;
Municipios;0493;Coslada;31565;
Municipios;0506;Cubas de la Sagra;2220;
Municipios;0534;Daganzo de Arriba;3690;
Municipios;0549;Escorial (El);9835;
Municipios;0552;Estremera;955;
Municipios;0565;Fresnedillas de la Oliva;850;
Municipios;0571;Fresno de Torote;1130;
Municipios;0587;Fuenlabrada;70835;
Municipios;0590;Fuente el Saz de Jarama;2860;
Municipios;0604;Fuentidueña de Tajo;1420;
Municipios;0611;Galapagar;15185;
Municipios;0626;Garganta de los Montes;660;
Municipios;0632;Gargantilla del Lozoya y Pinilla de Buitrago;935;
Municipios;0647;Gascones;170;
Municipios;0650;Getafe;68985;
Municipios;0663;Griñón;3880;
Municipios;0679;Guadalix de la Sierra;3535;
Municipios;0685;Guadarrama;9540;
Municipios;0698;Hiruela (La);140;
Municipios;0702;Horcajo de la Sierra-Aoslos;385;
Municipios;0719;Horcajuelo de la Sierra;165;
Municipios;0724;Hoyo de Manzanares;5005;
Municipios;0730;Humanes de Madrid;7075;
Municipios;0745;Leganés;75515;
Municipios;0758;Loeches;3565;
Municipios;0761;Lozoya;785;
Municipios;9015;Lozoyuela-Navas-Sieteiglesias;1930;
Municipios;0783;Madarcos;80;
Municipios;0796;Madrid;1530955;
Municipios;0800;Majadahonda;24645;
Municipios;0822;Manzanares el Real;5535;
Municipios;0838;Meco;5220;
Municipios;0843;Mejorada del Campo;8500;
Municipios;0856;Miraflores de la Sierra;4815;
Municipios;0869;Molar (El);3490;
Municipios;0875;Molinos (Los);2870;
Municipios;0881;Montejo de la Sierra;410;
Municipios;0894;Moraleja de Enmedio;1780;
Municipios;0908;Moralzarzal;6045;
Municipios;0915;Morata de Tajuña;3395;
Municipios;0920;Móstoles;79590;
Municipios;0936;Navacerrada;2295;
Municipios;0941;Navalafuente;1185;
Municipios;0954;Navalagamella;1405;
Municipios;0967;Navalcarnero;12065;
Municipios;0973;Navarredonda y San Mamés;325;
Municipios;0992;Navas del Rey;1735;
Municipios;1006;Nuevo Baztán;3940;
Municipios;1013;Olmeda de las Fuentes;285;
Municipios;1028;Orusco de Tajuña;995;
Municipios;1049;Paracuellos de Jarama;7245;
Municipios;1065;Parla;47095;
Municipios;1071;Patones;470;
Municipios;1087;Pedrezuela;3040;
Municipios;1090;Pelayos de la Presa;2975;
Municipios;1104;Perales de Tajuña;1580;
Municipios;1111;Pezuela de las Torres;750;
Municipios;1126;Pinilla del Valle;285;
Municipios;1132;Pinto;19695;
Municipios;1147;Piñuécar-Gandullas;235;
Municipios;1150;Pozuelo de Alarcón;29840;
Municipios;1163;Pozuelo del Rey;580;
Municipios;1179;Prádena del Rincón;200;
Municipios;1185;Puebla de la Sierra;170;
Municipios;9020;Puentes Viejas;900;
Municipios;1198;Quijorna;1605;
Municipios;1202;Rascafría;1760;
Municipios;1219;Redueña;250;
Municipios;1224;Ribatejada;625;
Municipios;1230;Rivas-Vaciamadrid;25375;
Municipios;1245;Robledillo de la Jara;190;
Municipios;1258;Robledo de Chavela;3425;
Municipios;1261;Robregordo;160;
Municipios;1277;Rozas de Madrid (Las);35390;
Municipios;1283;Rozas de Puerto Real;695;
Municipios;1296;San Agustín del Guadalix;4655;
Municipios;1300;San Fernando de Henares;15305;
Municipios;1317;San Lorenzo de El Escorial;10030;
Municipios;1338;San Martín de Valdeiglesias;5865;
Municipios;1322;San Martín de la Vega;7555;
Municipios;1343;San Sebastián de los Reyes;32465;
Municipios;1356;Santa María de la Alameda;2490;
Municipios;1369;Santorcaz;575;
Municipios;1375;Santos de la Humosa (Los);1185;
Municipios;1381;Serna del Monte (La);115;
Municipios;1408;Serranillos del Valle;1565;
Municipios;1415;Sevilla la Nueva;4020;
Municipios;1436;Somosierra;100;
Municipios;1441;Soto del Real;5215;
Municipios;1454;Talamanca de Jarama;1950;
Municipios;1467;Tielmes;1465;
Municipios;1473;Titulcia;680;
Municipios;1489;Torrejón de Ardoz;49210;
Municipios;1505;Torrejón de Velasco;1770;
Municipios;1492;Torrejón de la Calzada;2785;
Municipios;1512;Torrelaguna;2620;
Municipios;1527;Torrelodones;8255;
Municipios;1533;Torremocha de Jarama;510;
Municipios;1548;Torres de la Alameda;2940;
Municipios;9036;Tres Cantos;14460;
Municipios;1551;Valdaracete;470;
Municipios;1564;Valdeavero;920;
Municipios;1570;Valdelaguna;730;
Municipios;1586;Valdemanco;1150;
Municipios;1599;Valdemaqueda;990;
Municipios;1603;Valdemorillo;7055;
Municipios;1610;Valdemoro;27600;
Municipios;1625;Valdeolmos-Alalpardo;1870;
Municipios;1631;Valdepiélagos;470;
Municipios;1646;Valdetorres de Jarama;2240;
Municipios;1659;Valdilecha;1625;
Municipios;1662;Valverde de Alcalá;260;
Municipios;1678;Velilla de San Antonio;4370;
Municipios;1684;Vellón (El);1480;
Municipios;1697;Venturada;1330;
Municipios;1718;Villa del Prado;4595;
Municipios;1701;Villaconejos;1710;
Municipios;1723;Villalbilla;5680;
Municipios;1739;Villamanrique de Tajo;645;
Municipios;1744;Villamanta;1230;
Municipios;1757;Villamantilla;735;
Municipios;1782;Villanueva de Perales;715;
Municipios;1760;Villanueva de la Cañada;8385;
Municipios;1776;Villanueva del Pardillo;5895;
Municipios;1795;Villar del Olmo;1210;
Municipios;1809;Villarejo de Salvanés;3740;
Municipios;1816;Villaviciosa de Odón;11750;
Municipios;1821;Villavieja del Lozoya;430;
Municipios;1837;Zarzalejo;1620;
Notas;
;
