Salud y servicios sociales.Recursos y asistencia social.Servicios sociales. Total centros de servicios sociales. Unidad: Número. Fuente: Secretaría General Técnica. Consejería de Familia, Juventud y Política Social.;
Serie;;;2014;2015;2016;2017;2018;2019;2020;2021;2022
Comunidad de Madrid;;Comunidad de Madrid;1971;2057;2102;2197;2276;2401;2475;2485;2546;
Zonas Estadísticas;01;Municipio de Madrid ;965;1001;1035;1101;1163;1249;1303;1308;1352;
Zonas Estadísticas;02;Norte Metropolitano ;109;112;113;115;114;115;116;121;122;
Zonas Estadísticas;03;Este Metropolitano  ;139;143;144;147;146;152;156;159;155;
Zonas Estadísticas;04;Sur Metropolitano   ;298;295;299;313;325;331;330;337;344;
Zonas Estadísticas;05;Oeste Metropolitano ;156;156;152;158;160;170;177;177;181;
Zonas Estadísticas;06;Sierra Norte        ;46;47;47;47;49;51;51;50;51;
Zonas Estadísticas;07;Nordeste Comunidad  ;23;23;23;22;24;23;23;22;24;
Zonas Estadísticas;08;Sudeste Comunidad   ;46;46;46;47;47;47;46;47;48;
Zonas Estadísticas;09;Sudoeste Comunidad  ;69;69;67;67;68;69;70;72;73;
Zonas Estadísticas;10;Sierra Sur          ;33;34;43;43;43;43;42;40;38;
Zonas Estadísticas;11;Sierra Central      ;87;87;89;89;89;90;91;92;93;
Municipios;0014;Acebeda (La);0;0;0;0;0;0;0;0;0;
Municipios;0029;Ajalvir;3;3;3;3;3;3;3;3;3;
Municipios;0035;Alameda del Valle;0;0;0;0;0;0;0;0;0;
Municipios;0040;Alamo (El);8;7;7;8;8;8;8;8;8;
Municipios;0053;Alcalá de Henares;46;47;50;51;50;51;54;54;53;
Municipios;0066;Alcobendas;23;24;23;24;24;23;23;28;30;
Municipios;0072;Alcorcón;30;29;30;31;31;31;29;29;30;
Municipios;0088;Aldea del Fresno;5;5;5;5;6;6;6;6;6;
Municipios;0091;Algete;5;5;5;5;5;5;5;5;5;
Municipios;0105;Alpedrete;10;10;10;10;10;10;10;11;11;
Municipios;0112;Ambite;1;1;0;0;0;0;0;0;0;
Municipios;0127;Anchuelo;0;0;0;0;0;0;0;0;0;
Municipios;0133;Aranjuez;24;23;22;22;21;21;22;22;22;
Municipios;0148;Arganda del Rey;16;18;18;18;17;17;17;17;15;
Municipios;0151;Arroyomolinos;1;1;1;1;1;1;1;1;2;
Municipios;0164;Atazar (El);0;0;0;0;0;0;0;0;0;
Municipios;0170;Batres;0;0;0;0;0;0;0;0;0;
Municipios;0186;Becerril de la Sierra;3;3;3;3;3;3;3;3;3;
Municipios;0199;Belmonte de Tajo;1;1;1;1;1;1;1;1;1;
Municipios;0210;Berrueco (El);0;1;1;1;1;1;1;1;1;
Municipios;0203;Berzosa del Lozoya;2;2;2;2;3;3;3;3;3;
Municipios;0225;Boadilla del Monte;7;7;7;7;7;8;8;8;9;
Municipios;0231;Boalo (El);0;1;1;1;1;1;1;1;1;
Municipios;0246;Braojos;0;0;0;0;0;0;0;0;0;
Municipios;0259;Brea de Tajo;3;3;3;3;3;3;3;2;2;
Municipios;0262;Brunete;2;2;2;2;2;3;3;3;3;
Municipios;0278;Buitrago del Lozoya;4;3;3;3;3;4;4;4;4;
Municipios;0284;Bustarviejo;1;1;1;1;1;1;1;1;1;
Municipios;0297;Cabanillas de la Sierra;0;0;0;0;0;0;0;0;0;
Municipios;0301;Cabrera (La);8;8;7;7;7;7;7;7;6;
Municipios;0318;Cadalso de los Vidrios;2;2;11;11;11;11;11;11;11;
Municipios;0323;Camarma de Esteruelas;1;1;1;1;1;1;1;1;2;
Municipios;0339;Campo Real;2;2;2;2;2;2;2;2;2;
Municipios;0344;Canencia;0;0;0;0;0;0;0;0;0;
Municipios;0357;Carabaña;1;1;1;2;1;1;1;1;1;
Municipios;0360;Casarrubuelos;1;1;1;1;1;1;1;1;1;
Municipios;0376;Cenicientos;3;3;3;3;3;3;3;3;3;
Municipios;0382;Cercedilla;8;8;7;7;7;7;8;8;8;
Municipios;0395;Cervera de Buitrago;0;0;0;0;0;0;0;0;0;
Municipios;0513;Chapinería;1;1;1;1;1;1;1;1;1;
Municipios;0528;Chinchón;2;2;2;2;2;2;2;2;2;
Municipios;0409;Ciempozuelos;18;17;17;18;19;20;20;19;18;
Municipios;0416;Cobeña;7;7;7;7;6;6;6;6;6;
Municipios;0468;Collado Mediano;2;2;2;2;2;2;2;2;2;
Municipios;0474;Collado Villalba;16;16;16;17;17;17;17;17;18;
Municipios;0455;Colmenar Viejo;19;20;20;20;20;20;19;20;19;
Municipios;0437;Colmenar de Oreja;3;3;3;3;3;3;3;3;3;
Municipios;0421;Colmenar del Arroyo;1;1;1;1;1;1;1;1;1;
Municipios;0442;Colmenarejo;3;3;3;3;3;3;3;3;3;
Municipios;0480;Corpa;1;1;1;1;1;1;1;1;1;
Municipios;0493;Coslada;11;12;12;13;13;15;15;13;14;
Municipios;0506;Cubas de la Sagra;2;2;2;2;2;2;2;2;2;
Municipios;0534;Daganzo de Arriba;1;1;1;1;2;2;2;2;2;
Municipios;0549;Escorial (El);8;8;9;9;10;9;9;9;10;
Municipios;0552;Estremera;3;3;3;3;3;3;3;3;3;
Municipios;0565;Fresnedillas de la Oliva;1;1;1;1;1;1;1;1;1;
Municipios;0571;Fresno de Torote;1;1;1;1;1;1;1;1;1;
Municipios;0587;Fuenlabrada;29;28;30;38;42;45;46;43;40;
Municipios;0590;Fuente el Saz de Jarama;4;4;4;4;4;4;4;4;4;
Municipios;0604;Fuentidueña de Tajo;2;2;2;2;2;2;2;2;2;
Municipios;0611;Galapagar;11;11;10;10;10;13;14;16;16;
Municipios;0626;Garganta de los Montes;0;0;0;0;0;0;0;0;0;
Municipios;0632;Gargantilla del Lozoya y Pinilla de Buitrago;1;2;1;1;1;1;1;1;2;
Municipios;0647;Gascones;0;0;0;0;0;0;0;0;0;
Municipios;0650;Getafe;50;50;52;50;50;50;50;52;53;
Municipios;0663;Griñón;6;7;7;7;7;7;7;7;8;
Municipios;0679;Guadalix de la Sierra;1;1;1;1;1;1;1;1;1;
Municipios;0685;Guadarrama;17;17;17;17;17;17;17;17;17;
Municipios;0698;Hiruela (La);0;0;0;0;0;0;0;0;0;
Municipios;0702;Horcajo de la Sierra-Aoslos;0;0;0;0;0;0;0;0;0;
Municipios;0719;Horcajuelo de la Sierra;0;0;0;0;0;0;0;0;0;
Municipios;0724;Hoyo de Manzanares;0;0;0;0;0;0;0;0;0;
Municipios;0730;Humanes de Madrid;3;3;3;3;3;3;3;3;3;
Municipios;0745;Leganés;54;53;52;53;53;55;56;63;68;
Municipios;0758;Loeches;2;2;2;2;2;2;2;2;2;
Municipios;0761;Lozoya;0;0;0;0;0;0;0;0;0;
Municipios;9015;Lozoyuela-Navas-Sieteiglesias;3;3;3;3;3;3;3;3;3;
Municipios;0783;Madarcos;0;0;0;0;0;0;0;0;0;
Municipios;0796;Madrid;965;1001;1035;1101;1163;1249;1303;1308;1352;
Municipios;0800;Majadahonda;13;14;13;15;15;15;16;15;16;
Municipios;0822;Manzanares el Real;2;2;2;2;1;1;2;2;2;
Municipios;0838;Meco;3;3;3;3;3;3;3;3;3;
Municipios;0843;Mejorada del Campo;6;6;4;4;4;4;4;4;3;
Municipios;0856;Miraflores de la Sierra;1;1;1;1;1;2;1;1;1;
Municipios;0869;Molar (El);2;2;2;2;2;2;2;2;2;
Municipios;0875;Molinos (Los);4;4;4;4;4;4;3;3;3;
Municipios;0881;Montejo de la Sierra;3;3;3;3;3;3;3;3;3;
Municipios;0894;Moraleja de Enmedio;2;2;2;2;2;2;2;2;2;
Municipios;0908;Moralzarzal;7;8;9;9;8;9;9;10;10;
Municipios;0915;Morata de Tajuña;4;4;4;4;4;4;3;3;3;
Municipios;0920;Móstoles;35;34;34;36;44;44;40;45;45;
Municipios;0936;Navacerrada;1;1;1;1;1;1;1;1;1;
Municipios;0941;Navalafuente;1;1;1;1;1;1;1;1;1;
Municipios;0954;Navalagamella;1;1;2;2;2;2;2;2;2;
Municipios;0967;Navalcarnero;16;17;16;15;15;16;17;19;18;
Municipios;0973;Navarredonda y San Mamés;0;0;0;0;0;0;0;0;0;
Municipios;0992;Navas del Rey;3;3;3;3;3;3;3;3;3;
Municipios;1006;Nuevo Baztán;0;0;0;0;0;0;0;0;0;
Municipios;1013;Olmeda de las Fuentes;1;1;1;1;1;1;1;1;1;
Municipios;1028;Orusco de Tajuña;1;1;2;2;2;2;2;2;2;
Municipios;1049;Paracuellos de Jarama;4;4;3;3;3;3;4;5;5;
Municipios;1065;Parla;23;23;23;25;25;26;27;27;28;
Municipios;1071;Patones;2;2;2;2;2;2;2;2;2;
Municipios;1087;Pedrezuela;8;8;8;8;8;8;8;8;8;
Municipios;1090;Pelayos de la Presa;3;3;3;3;3;3;3;2;2;
Municipios;1104;Perales de Tajuña;0;0;0;0;0;0;0;0;0;
Municipios;1111;Pezuela de las Torres;1;1;1;1;1;1;1;1;1;
Municipios;1126;Pinilla del Valle;0;0;0;0;0;0;0;0;0;
Municipios;1132;Pinto;12;14;14;14;14;14;15;15;17;
Municipios;1147;Piñuécar-Gandullas;0;0;0;0;0;0;0;0;0;
Municipios;1150;Pozuelo de Alarcón;51;50;49;51;51;54;55;56;57;
Municipios;1163;Pozuelo del Rey;0;0;0;0;0;0;0;0;0;
Municipios;1179;Prádena del Rincón;0;0;0;0;0;0;0;0;0;
Municipios;1185;Puebla de la Sierra;0;0;0;0;0;0;0;0;0;
Municipios;9020;Puentes Viejas;0;0;0;0;1;1;1;1;0;
Municipios;1198;Quijorna;2;2;2;2;2;2;2;2;2;
Municipios;1202;Rascafría;1;1;1;1;1;1;1;1;0;
Municipios;1219;Redueña;0;0;0;0;0;0;0;0;0;
Municipios;1224;Ribatejada;2;2;2;2;2;2;2;2;2;
Municipios;1230;Rivas-Vaciamadrid;24;24;24;24;25;26;26;25;25;
Municipios;1245;Robledillo de la Jara;3;3;3;3;3;3;3;3;3;
Municipios;1258;Robledo de Chavela;8;8;7;7;7;7;7;7;5;
Municipios;1261;Robregordo;0;0;0;0;0;0;0;0;0;
Municipios;1277;Rozas de Madrid (Las);23;23;21;21;23;22;24;24;24;
Municipios;1283;Rozas de Puerto Real;2;2;2;2;2;1;1;1;1;
Municipios;1296;San Agustín del Guadalix;2;2;2;2;2;2;2;2;2;
Municipios;1300;San Fernando de Henares;8;8;8;8;8;9;9;9;8;
Municipios;1317;San Lorenzo de El Escorial;11;10;10;9;9;9;9;9;9;
Municipios;1338;San Martín de Valdeiglesias;7;7;7;7;7;8;7;6;6;
Municipios;1322;San Martín de la Vega;3;3;3;5;4;4;4;4;5;
Municipios;1343;San Sebastián de los Reyes;38;38;39;40;40;42;43;43;42;
Municipios;1356;Santa María de la Alameda;0;0;0;0;0;0;0;0;0;
Municipios;1369;Santorcaz;1;1;1;1;1;1;1;1;2;
Municipios;1375;Santos de la Humosa (Los);0;0;0;0;0;0;0;0;0;
Municipios;1381;Serna del Monte (La);0;0;0;0;0;0;0;0;0;
Municipios;1408;Serranillos del Valle;6;6;5;5;5;5;5;5;5;
Municipios;1415;Sevilla la Nueva;8;8;8;8;8;8;8;8;8;
Municipios;1436;Somosierra;0;0;0;0;0;1;1;0;2;
Municipios;1441;Soto del Real;5;5;5;5;5;5;6;5;4;
Municipios;1454;Talamanca de Jarama;3;3;3;3;3;3;3;3;3;
Municipios;1467;Tielmes;3;3;3;3;3;3;3;3;3;
Municipios;1473;Titulcia;0;0;0;0;0;0;0;0;0;
Municipios;1489;Torrejón de Ardoz;21;21;22;23;23;23;23;27;27;
Municipios;1505;Torrejón de Velasco;0;0;0;0;0;0;0;0;0;
Municipios;1492;Torrejón de la Calzada;2;2;2;2;2;2;2;2;2;
Municipios;1512;Torrelaguna;2;2;2;2;2;2;2;2;2;
Municipios;1527;Torrelodones;13;13;13;14;14;16;17;17;17;
Municipios;1533;Torremocha de Jarama;3;3;5;5;5;5;5;5;5;
Municipios;1548;Torres de la Alameda;5;5;5;5;5;5;5;5;5;
Municipios;9036;Tres Cantos;15;16;17;17;17;17;18;17;18;
Municipios;1551;Valdaracete;0;0;0;0;0;0;0;0;0;
Municipios;1564;Valdeavero;1;1;1;0;1;0;0;0;0;
Municipios;1570;Valdelaguna;0;0;0;0;0;0;0;1;1;
Municipios;1586;Valdemanco;0;0;0;0;0;0;0;0;0;
Municipios;1599;Valdemaqueda;0;0;0;0;0;0;0;0;0;
Municipios;1603;Valdemorillo;2;1;1;2;1;1;1;1;1;
Municipios;1610;Valdemoro;17;18;19;18;19;18;18;15;15;
Municipios;1625;Valdeolmos-Alalpardo;0;0;0;0;0;0;0;0;1;
Municipios;1631;Valdepiélagos;1;1;1;1;4;1;1;0;0;
Municipios;1646;Valdetorres de Jarama;4;4;4;4;1;4;4;4;4;
Municipios;1659;Valdilecha;0;0;0;0;0;0;0;0;0;
Municipios;1662;Valverde de Alcalá;1;1;1;1;1;1;1;1;1;
Municipios;1678;Velilla de San Antonio;0;0;0;0;0;1;1;2;2;
Municipios;1684;Vellón (El);1;1;1;1;1;1;1;1;2;
Municipios;1697;Venturada;1;1;1;1;1;1;1;1;1;
Municipios;1718;Villa del Prado;3;3;3;3;3;3;3;3;3;
Municipios;1701;Villaconejos;2;2;2;2;2;2;2;2;2;
Municipios;1723;Villalbilla;4;4;4;4;5;5;5;6;6;
Municipios;1739;Villamanrique de Tajo;0;0;0;0;0;0;0;0;0;
Municipios;1744;Villamanta;5;4;4;4;4;4;4;4;4;
Municipios;1757;Villamantilla;2;2;2;2;2;2;2;2;2;
Municipios;1782;Villanueva de Perales;0;0;0;0;0;0;0;0;0;
Municipios;1760;Villanueva de la Cañada;10;10;11;11;11;12;12;10;10;
Municipios;1776;Villanueva del Pardillo;3;3;4;4;6;6;6;6;7;
Municipios;1795;Villar del Olmo;1;1;1;1;1;1;1;1;1;
Municipios;1809;Villarejo de Salvanés;1;1;1;1;1;1;1;1;1;
Municipios;1816;Villaviciosa de Odón;10;10;10;10;10;10;11;11;11;
Municipios;1821;Villavieja del Lozoya;1;1;1;1;1;1;1;1;1;
Municipios;1837;Zarzalejo;1;2;2;2;2;2;2;2;2;
Notas;
Fecha de referencia octubre de cada año.;
;
Incluye: Centros para mayores y centros para otros colectivos de atención social.;
;
Sin municipio asignado: Centros sin clasificar en su actividad ni en su municipio por secreto estadístico.;
