Salud y servicios sociales.Conducta y salud.Estado de salud de la población.Discapacidades y deficiencias.Total. Total personas con discapacidad. Unidad: Número. Fuente: Base de Datos del Reconocimiento del Grado de Discapacidad. Consejería de Familia, Juventud y Política Social.;
Serie;;;2011;2012;2013;2014;2015;2016;2017;2018;2019;2020;2021
Comunidad de Madrid;;Comunidad de Madrid;276219;296047;306175;307880;322327;335820;349897;363954;378212;382680;389827;
Zonas Estadísticas;01;Municipio de Madrid ;161919;172750;177142;177016;183988;189241;195264;200604;206511;207714;208944;
Zonas Estadísticas;02;Norte Metropolitano ;9746;10674;11508;11792;12593;13496;14330;15013;15840;16202;16850;
Zonas Estadísticas;03;Este Metropolitano  ;23278;24696;25449;25658;26775;28459;29897;31531;33073;33504;34856;
Zonas Estadísticas;04;Sur Metropolitano   ;53907;57560;59517;59799;62968;66082;69286;72846;75919;77399;79344;
Zonas Estadísticas;05;Oeste Metropolitano ;12440;13811;14671;15107;16006;16819;17713;18753;19826;19982;20472;
Zonas Estadísticas;06;Sierra Norte        ;1064;1172;1271;1319;1421;1591;1756;1865;1992;2059;2208;
Zonas Estadísticas;07;Nordeste Comunidad  ;1528;1690;1840;1914;2067;2264;2436;2620;2855;2919;3090;
Zonas Estadísticas;08;Sudeste Comunidad   ;3188;3509;3795;3894;4219;4501;4807;5119;5475;5587;5918;
Zonas Estadísticas;09;Sudoeste Comunidad  ;3343;3759;4060;4223;4602;5099;5478;5965;6430;6684;7041;
Zonas Estadísticas;10;Sierra Sur          ;1218;1338;1451;1487;1614;1758;1895;2060;2174;2263;2349;
Zonas Estadísticas;11;Sierra Central      ;4588;5088;5471;5671;6074;6510;7035;7572;8112;8357;8740;
Zonas Estadísticas;99;Sin Zona asignada   ;0;0;0;0;0;0;0;6;5;10;15;
Municipios;0014;Acebeda (La);2;2;2;3;2;3;3;3;5;6;6;
Municipios;0029;Ajalvir;108;113;116;113;119;132;145;159;183;185;184;
Municipios;0035;Alameda del Valle;8;6;7;7;6;6;6;7;9;10;10;
Municipios;0040;Alamo (El);278;324;351;374;417;479;507;553;591;602;627;
Municipios;0053;Alcalá de Henares;8989;9379;9554;9405;9713;10148;10578;11073;11458;11538;11828;
Municipios;0066;Alcobendas;3599;3868;4128;4187;4465;4722;4961;5171;5409;5523;5695;
Municipios;0072;Alcorcón;7415;7805;7889;7902;8267;8599;8962;9315;9601;9643;9838;
Municipios;0088;Aldea del Fresno;107;120;136;141;149;160;165;183;210;212;223;
Municipios;0091;Algete;629;681;745;748;809;861;916;946;1001;1016;1047;
Municipios;0105;Alpedrete;371;401;429;430;464;496;542;606;659;680;704;
Municipios;0112;Ambite;23;29;36;34;34;34;39;43;44;46;49;
Municipios;0127;Anchuelo;20;21;25;26;29;34;37;41;43;45;46;
Municipios;0133;Aranjuez;2346;2523;2654;2660;2860;3038;3194;3362;3488;3567;3675;
Municipios;0148;Arganda del Rey;1527;1657;1746;1800;1908;2082;2247;2384;2530;2587;2747;
Municipios;0151;Arroyomolinos;322;386;450;503;563;675;737;835;924;973;1051;
Municipios;0164;Atazar (El);5;5;5;5;5;5;5;7;8;8;9;
Municipios;0170;Batres;43;48;52;51;52;58;62;67;71;70;76;
Municipios;0186;Becerril de la Sierra;139;162;173;176;187;207;216;231;265;262;287;
Municipios;0199;Belmonte de Tajo;67;70;76;83;90;95;99;99;106;107;107;
Municipios;0210;Berrueco (El);26;29;35;34;38;41;47;53;55;57;58;
Municipios;0203;Berzosa del Lozoya;7;6;7;11;11;10;13;13;15;16;14;
Municipios;0225;Boadilla del Monte;983;1095;1149;1203;1283;1360;1440;1514;1629;1628;1720;
Municipios;0231;Boalo (El);145;163;183;189;217;235;261;286;305;311;342;
Municipios;0246;Braojos;6;6;7;8;9;10;9;9;9;9;10;
Municipios;0259;Brea de Tajo;23;30;33;33;41;44;47;44;46;47;46;
Municipios;0262;Brunete;246;274;303;309;336;363;386;401;421;412;424;
Municipios;0278;Buitrago del Lozoya;54;58;56;56;58;63;65;71;76;81;92;
Municipios;0284;Bustarviejo;67;72;76;76;82;101;110;113;118;123;127;
Municipios;0297;Cabanillas de la Sierra;25;28;26;25;27;31;30;35;36;37;36;
Municipios;0301;Cabrera (La);59;69;70;79;94;106;115;117;130;128;143;
Municipios;0318;Cadalso de los Vidrios;132;139;152;155;171;188;204;226;231;241;251;
Municipios;0323;Camarma de Esteruelas;181;198;219;229;240;253;263;282;297;297;319;
Municipios;0339;Campo Real;130;140;155;161;169;190;209;236;254;257;270;
Municipios;0344;Canencia;9;9;10;11;11;16;20;20;21;24;24;
Municipios;0357;Carabaña;61;68;71;73;85;94;98;99;111;115;127;
Municipios;0360;Casarrubuelos;99;111;123;133;145;173;180;191;202;217;229;
Municipios;0376;Cenicientos;96;100;107;99;99;108;118;120;132;135;140;
Municipios;0382;Cercedilla;178;195;208;211;227;255;284;305;335;347;373;
Municipios;0395;Cervera de Buitrago;8;9;8;9;9;10;11;11;13;13;13;
Municipios;0513;Chapinería;71;75;84;85;90;97;107;108;120;127;130;
Municipios;0528;Chinchón;199;210;228;232;250;267;278;297;323;324;332;
Municipios;0409;Ciempozuelos;1148;1242;1275;1279;1358;1432;1497;1562;1680;1717;1815;
Municipios;0416;Cobeña;113;129;138;145;157;176;200;213;227;226;233;
Municipios;0468;Collado Mediano;188;222;232;238;255;268;284;292;318;322;350;
Municipios;0474;Collado Villalba;2027;2243;2424;2490;2627;2745;2934;3175;3380;3501;3613;
Municipios;0455;Colmenar Viejo;1449;1603;1766;1821;1979;2136;2285;2419;2588;2671;2817;
Municipios;0437;Colmenar de Oreja;302;339;371;396;432;452;473;498;538;550;572;
Municipios;0421;Colmenar del Arroyo;41;50;54;56;56;54;55;63;68;76;79;
Municipios;0442;Colmenarejo;239;273;300;301;322;347;376;424;447;472;506;
Municipios;0480;Corpa;19;19;21;22;22;25;24;25;27;29;31;
Municipios;0493;Coslada;3483;3681;3751;3777;3896;4111;4265;4474;4638;4671;4785;
Municipios;0506;Cubas de la Sagra;108;124;137;153;173;188;204;235;258;276;303;
Municipios;0534;Daganzo de Arriba;183;203;217;236;258;280;307;325;351;354;363;
Municipios;0549;Escorial (El);462;502;530;551;590;623;676;742;795;819;833;
Municipios;0552;Estremera;105;124;144;143;157;161;180;182;180;184;191;
Municipios;0565;Fresnedillas de la Oliva;30;37;42;39;49;49;53;58;66;71;78;
Municipios;0571;Fresno de Torote;67;72;78;84;83;88;98;110;118;115;120;
Municipios;0587;Fuenlabrada;8606;9187;9565;9524;9978;10459;11026;11679;12276;12419;12732;
Municipios;0590;Fuente el Saz de Jarama;172;191;212;221;237;252;273;293;317;335;355;
Municipios;0604;Fuentidueña de Tajo;79;89;96;99;110;129;133;149;158;159;175;
Municipios;0611;Galapagar;949;1053;1156;1203;1300;1376;1466;1568;1664;1680;1751;
Municipios;0626;Garganta de los Montes;17;17;18;18;17;19;19;20;20;19;18;
Municipios;0632;Gargantilla del Lozoya y Pinilla de Buitrago;17;18;19;16;14;15;16;17;18;19;23;
Municipios;0647;Gascones;5;7;9;10;10;11;10;13;13;13;15;
Municipios;0650;Getafe;6998;7476;7686;7790;8141;8510;8799;9188;9558;9840;10031;
Municipios;0663;Griñón;264;291;313;299;323;348;383;412;452;482;500;
Municipios;0679;Guadalix de la Sierra;131;145;157;168;186;203;229;235;246;264;292;
Municipios;0685;Guadarrama;582;638;699;732;771;826;892;956;1021;1054;1084;
Municipios;0698;Hiruela (La);0;0;0;0;1;1;1;1;1;1;1;
Municipios;0702;Horcajo de la Sierra-Aoslos;5;5;5;5;4;4;4;7;8;8;9;
Municipios;0719;Horcajuelo de la Sierra;4;4;4;4;4;4;4;4;4;4;4;
Municipios;0724;Hoyo de Manzanares;201;231;249;257;272;286;308;323;336;332;344;
Municipios;0730;Humanes de Madrid;658;728;791;810;864;927;992;1049;1110;1152;1189;
Municipios;0745;Leganés;8630;9149;9424;9500;9937;10309;10723;11147;11456;11707;11779;
Municipios;0758;Loeches;186;196;206;212;226;252;266;280;302;308;350;
Municipios;0761;Lozoya;16;17;17;17;21;29;30;33;38;38;39;
Municipios;9015;Lozoyuela-Navas-Sieteiglesias;29;29;37;43;49;55;61;62;68;68;71;
Municipios;0783;Madarcos;1;3;4;4;5;5;7;8;8;7;8;
Municipios;0796;Madrid;161919;172750;177142;177016;183988;189241;195264;200604;206511;207714;208944;
Municipios;0800;Majadahonda;1913;2146;2232;2286;2381;2473;2529;2648;2772;2738;2754;
Municipios;0822;Manzanares el Real;201;222;236;246;268;286;299;314;354;363;386;
Municipios;0838;Meco;397;419;433;431;454;502;537;590;644;649;697;
Municipios;0843;Mejorada del Campo;791;857;868;889;945;1020;1073;1153;1231;1264;1333;
Municipios;0856;Miraflores de la Sierra;149;162;176;195;209;225;237;256;278;297;309;
Municipios;0869;Molar (El);203;235;259;272;295;328;352;377;421;437;464;
Municipios;0875;Molinos (Los);146;163;165;168;186;204;224;242;254;255;258;
Municipios;0881;Montejo de la Sierra;20;21;22;21;23;25;24;25;25;23;27;
Municipios;0894;Moraleja de Enmedio;129;145;155;158;181;200;207;226;231;253;267;
Municipios;0908;Moralzarzal;291;318;337;355;392;425;455;476;517;523;572;
Municipios;0915;Morata de Tajuña;281;321;357;371;392;399;414;438;469;471;502;
Municipios;0920;Móstoles;10063;10632;10971;10884;11399;11834;12392;12936;13423;13513;13825;
Municipios;0936;Navacerrada;124;129;136;128;141;150;160;163;170;173;179;
Municipios;0941;Navalafuente;37;46;48;50;55;66;77;81;83;87;99;
Municipios;0954;Navalagamella;59;68;75;78;83;85;102;112;118;124;138;
Municipios;0967;Navalcarnero;915;998;1029;1051;1137;1234;1296;1390;1486;1506;1566;
Municipios;0973;Navarredonda y San Mamés;1;3;2;2;4;5;7;7;6;7;8;
Municipios;0992;Navas del Rey;73;81;93;98;104;117;128;144;152;163;169;
Municipios;1006;Nuevo Baztán;172;188;202;202;213;235;259;282;301;302;326;
Municipios;1013;Olmeda de las Fuentes;4;4;4;4;5;5;7;7;7;7;10;
Municipios;1028;Orusco de Tajuña;53;59;69;63;68;67;66;68;73;70;75;
Municipios;1049;Paracuellos de Jarama;369;411;461;498;567;656;719;779;867;908;963;
Municipios;1065;Parla;4322;4692;4912;4974;5297;5586;5907;6347;6694;6950;7232;
Municipios;1071;Patones;13;16;20;18;20;21;22;21;22;23;23;
Municipios;1087;Pedrezuela;132;151;175;183;196;216;240;253;278;296;314;
Municipios;1090;Pelayos de la Presa;101;113;119;119;131;144;157;163;174;183;190;
Municipios;1104;Perales de Tajuña;117;121;121;126;131;138;152;154;163;172;180;
Municipios;1111;Pezuela de las Torres;17;18;22;24;24;33;36;44;46;48;49;
Municipios;1126;Pinilla del Valle;5;5;4;5;4;6;6;6;7;7;7;
Municipios;1132;Pinto;1270;1391;1444;1471;1554;1727;1875;2048;2186;2290;2422;
Municipios;1147;Piñuécar-Gandullas;5;5;5;5;6;8;12;12;16;18;18;
Municipios;1150;Pozuelo de Alarcón;2443;2704;2802;2862;3009;3166;3270;3387;3516;3487;3514;
Municipios;1163;Pozuelo del Rey;16;16;17;18;20;23;27;30;33;36;44;
Municipios;1179;Prádena del Rincón;3;3;3;3;4;4;5;6;6;6;6;
Municipios;1185;Puebla de la Sierra;1;1;3;3;5;4;5;5;7;7;8;
Municipios;9020;Puentes Viejas;11;11;13;12;12;16;18;21;27;28;31;
Municipios;1198;Quijorna;76;94;104;103;102;109;118;129;141;145;147;
Municipios;1202;Rascafría;44;53;59;60;64;69;75;86;86;90;90;
Municipios;1219;Redueña;10;8;8;8;9;12;13;15;16;16;19;
Municipios;1224;Ribatejada;22;25;28;27;29;31;36;36;40;41;45;
Municipios;1230;Rivas-Vaciamadrid;1573;1760;1869;1989;2157;2366;2530;2741;2936;2999;3221;
Municipios;1245;Robledillo de la Jara;3;4;5;4;5;5;5;4;5;5;6;
Municipios;1258;Robledo de Chavela;135;154;173;177;203;235;248;284;293;303;305;
Municipios;1261;Robregordo;3;3;3;3;2;3;3;3;3;3;2;
Municipios;1277;Rozas de Madrid (Las);1955;2172;2319;2397;2529;2619;2772;2960;3160;3236;3305;
Municipios;1283;Rozas de Puerto Real;17;19;20;21;23;29;34;37;39;36;37;
Municipios;1296;San Agustín del Guadalix;199;239;262;281;321;371;407;442;475;495;532;
Municipios;1300;San Fernando de Henares;1556;1644;1717;1724;1780;1860;1946;2045;2139;2152;2226;
Municipios;1317;San Lorenzo de El Escorial;556;615;658;672;711;749;808;869;914;937;941;
Municipios;1338;San Martín de Valdeiglesias;341;366;388;403;440;476;499;544;563;580;600;
Municipios;1322;San Martín de la Vega;609;687;740;751;821;897;956;1009;1091;1109;1157;
Municipios;1343;San Sebastián de los Reyes;2641;2840;3010;3100;3358;3607;3826;4012;4229;4314;4475;
Municipios;1356;Santa María de la Alameda;33;37;35;38;40;45;52;57;61;63;66;
Municipios;1369;Santorcaz;15;16;19;19;21;23;27;32;30;31;30;
Municipios;1375;Santos de la Humosa (Los);60;65;69;71;74;82;92;98;104;106;112;
Municipios;1381;Serna del Monte (La);4;5;5;6;7;7;7;8;9;9;11;
Municipios;1408;Serranillos del Valle;96;103;109;112;123;136;154;168;186;206;222;
Municipios;1415;Sevilla la Nueva;194;221;231;244;262;309;352;390;421;429;443;
Municipios;1436;Somosierra;2;2;3;4;3;4;4;4;6;6;6;
Municipios;1441;Soto del Real;235;264;288;302;318;339;369;380;398;422;440;
Municipios;1454;Talamanca de Jarama;86;99;113;113;131;142;154;164;177;187;193;
Municipios;1467;Tielmes;95;103;112;115;126;132;141;150;158;157;163;
Municipios;1473;Titulcia;36;38;44;45;51;49;49;57;60;67;74;
Municipios;1489;Torrejón de Ardoz;4600;4873;5040;5112;5318;5687;5967;6255;6606;6702;7035;
Municipios;1505;Torrejón de Velasco;104;117;129;140;148;147;162;175;185;198;217;
Municipios;1492;Torrejón de la Calzada;208;241;258;269;293;321;342;364;392;413;443;
Municipios;1512;Torrelaguna;148;156;169;170;171;187;204;222;225;226;238;
Municipios;1527;Torrelodones;466;515;568;602;655;700;771;821;883;896;930;
Municipios;1533;Torremocha de Jarama;17;20;23;31;34;34;34;42;43;42;46;
Municipios;1548;Torres de la Alameda;227;247;270;273;287;301;319;346;370;379;398;
Municipios;9036;Tres Cantos;1116;1314;1459;1510;1504;1623;1735;1810;1911;1957;2051;
Municipios;1551;Valdaracete;40;59;47;49;94;97;99;100;103;102;104;
Municipios;1564;Valdeavero;33;42;46;47;50;58;64;71;75;74;75;
Municipios;1570;Valdelaguna;31;32;34;39;42;44;50;51;56;57;62;
Municipios;1586;Valdemanco;29;31;34;34;36;38;42;42;43;41;45;
Municipios;1599;Valdemaqueda;38;38;36;39;40;42;43;48;56;56;59;
Municipios;1603;Valdemorillo;297;329;368;403;424;455;496;534;554;570;605;
Municipios;1610;Valdemoro;1842;2048;2166;2254;2492;2764;2963;3204;3356;3492;3649;
Municipios;1625;Valdeolmos-Alalpardo;68;81;90;95;108;125;131;145;155;152;155;
Municipios;1631;Valdepiélagos;11;11;14;17;19;22;23;25;30;31;30;
Municipios;1646;Valdetorres de Jarama;105;114;131;142;163;183;198;202;230;247;274;
Municipios;1659;Valdilecha;81;88;94;93;98;101;117;124;139;145;154;
Municipios;1662;Valverde de Alcalá;10;13;15;17;18;20;20;21;22;24;26;
Municipios;1678;Velilla de San Antonio;282;321;327;351;372;397;427;468;485;498;534;
Municipios;1684;Vellón (El);36;39;41;41;45;55;68;71;76;77;85;
Municipios;1697;Venturada;34;38;37;36;42;46;57;59;72;76;81;
Municipios;1718;Villa del Prado;244;266;285;292;313;331;360;382;396;412;429;
Municipios;1701;Villaconejos;132;145;149;152;164;182;196;210;223;229;241;
Municipios;1723;Villalbilla;201;221;249;267;287;308;333;361;392;410;445;
Municipios;1739;Villamanrique de Tajo;31;36;38;36;35;35;38;43;47;50;50;
Municipios;1744;Villamanta;79;85;97;87;98;100;111;118;127;126;134;
Municipios;1757;Villamantilla;28;34;43;49;52;48;52;56;56;62;62;
Municipios;1782;Villanueva de Perales;49;51;58;64;71;83;86;91;101;102;102;
Municipios;1760;Villanueva de la Cañada;409;444;460;480;515;556;610;675;739;768;798;
Municipios;1776;Villanueva del Pardillo;285;330;353;374;392;420;456;496;528;550;571;
Municipios;1795;Villar del Olmo;50;58;64;66;65;68;71;79;84;84;99;
Municipios;1809;Villarejo de Salvanés;305;326;337;330;359;382;411;431;463;469;478;
Municipios;1816;Villaviciosa de Odón;848;934;1009;1018;1099;1175;1227;1281;1326;1304;1319;
Municipios;1821;Villavieja del Lozoya;5;7;10;11;11;12;13;13;12;13;16;
Municipios;1837;Zarzalejo;51;61;73;80;85;89;95;96;101;105;107;
Municipios;9999;Sin municipio asignado;0;0;0;0;0;0;0;6;5;10;15;
Notas;
Grado de minusvalía a 31 de diciembre de cada año.;
