Colectivo empresarial .Colectivo empresarial.Base 2015.Municipios.Unidades productivas. Unidades productivas. Unidad: Número. Fuente: Colectivo Empresarial. Dirección General de Economía.;
Serie;;;2015;2016;2017;2018;2019;2020;2021;2022(A)
Comunidad de Madrid;;Comunidad de Madrid;702650;716012;723368;734190;749114;752538;746099;760869;
Zonas Estadísticas;01;Municipio de Madrid ;398803;405444;409687;415465;423754;424848;419622;427187;
Zonas Estadísticas;02;Norte Metropolitano ;37125;37976;38368;38800;39454;39624;39274;40169;
Zonas Estadísticas;03;Este Metropolitano  ;54126;55337;55987;57176;58558;59022;58585;59514;
Zonas Estadísticas;04;Sur Metropolitano   ;97150;98724;99465;101139;102989;104038;103400;104960;
Zonas Estadísticas;05;Oeste Metropolitano ;64369;65996;66735;67587;68991;69071;68790;71028;
Zonas Estadísticas;06;Sierra Norte        ;4161;4260;4300;4380;4495;4531;4597;4714;
Zonas Estadísticas;07;Nordeste Comunidad  ;5780;5970;5972;6146;6232;6319;6296;6474;
Zonas Estadísticas;08;Sudeste Comunidad   ;9552;9729;9740;9861;10109;10147;10230;10413;
Zonas Estadísticas;09;Sudoeste Comunidad  ;12309;12910;13230;13528;13766;13962;14130;14526;
Zonas Estadísticas;10;Sierra Sur          ;3093;3096;3128;3213;3304;3338;3384;3513;
Zonas Estadísticas;11;Sierra Central      ;16182;16570;16756;16895;17462;17638;17791;18371;
Municipios;0014;Acebeda (La);30;30;31;26;28;28;27;26;
Municipios;0029;Ajalvir;918;976;983;972;969;983;987;975;
Municipios;0035;Alameda del Valle;34;33;32;33;34;33;33;35;
Municipios;0040;Alamo (El);751;743;741;746;738;778;803;840;
Municipios;0053;Alcalá de Henares;14816;15113;15213;15489;15842;15975;15776;15888;
Municipios;0066;Alcobendas;14230;14505;14572;14744;15061;15146;15005;15321;
Municipios;0072;Alcorcón;13218;13359;13420;13609;13820;14115;13975;14251;
Municipios;0088;Aldea del Fresno;203;204;209;217;241;241;242;255;
Municipios;0091;Algete;2406;2444;2463;2471;2504;2523;2479;2545;
Municipios;0105;Alpedrete;1393;1431;1472;1474;1496;1534;1548;1615;
Municipios;0112;Ambite;46;46;42;44;51;48;47;60;
Municipios;0127;Anchuelo;101;100;110;103;101;104;107;110;
Municipios;0133;Aranjuez;4328;4381;4348;4424;4532;4515;4448;4555;
Municipios;0148;Arganda del Rey;5612;5733;5786;5945;6082;6206;6189;6327;
Municipios;0151;Arroyomolinos;2370;2539;2666;2787;2942;3008;3076;3220;
Municipios;0164;Atazar (El);12;13;13;11;11;10;11;11;
Municipios;0170;Batres;90;103;110;117;124;124;142;157;
Municipios;0186;Becerril de la Sierra;605;608;612;614;612;640;665;665;
Municipios;0199;Belmonte de Tajo;145;143;160;157;156;149;148;142;
Municipios;0210;Berrueco (El);56;55;58;60;66;72;76;77;
Municipios;0203;Berzosa del Lozoya;24;28;25;28;27;30;28;29;
Municipios;0225;Boadilla del Monte;6774;7046;7146;7399;7629;7782;7871;8310;
Municipios;0231;Boalo (El);685;678;707;726;738;758;779;812;
Municipios;0246;Braojos;42;41;40;39;38;40;39;32;
Municipios;0259;Brea de Tajo;60;62;61;62;59;53;53;56;
Municipios;0262;Brunete;1060;1100;1089;1122;1140;1153;1141;1181;
Municipios;0278;Buitrago del Lozoya;244;244;240;251;256;242;231;236;
Municipios;0284;Bustarviejo;238;245;252;260;263;263;271;281;
Municipios;0297;Cabanillas de la Sierra;72;81;88;79;83;77;78;78;
Municipios;0301;Cabrera (La);272;281;281;289;289;293;287;300;
Municipios;0318;Cadalso de los Vidrios;280;253;251;239;249;250;274;271;
Municipios;0323;Camarma de Esteruelas;677;695;705;735;745;742;758;768;
Municipios;0339;Campo Real;658;663;667;677;711;696;695;725;
Municipios;0344;Canencia;61;65;63;58;59;57;55;52;
Municipios;0357;Carabaña;144;154;158;170;182;174;176;184;
Municipios;0360;Casarrubuelos;291;330;336;360;354;361;376;379;
Municipios;0376;Cenicientos;155;148;150;156;154;152;158;158;
Municipios;0382;Cercedilla;673;700;710;713;734;742;769;781;
Municipios;0395;Cervera de Buitrago;15;17;17;16;18;19;18;18;
Municipios;0513;Chapinería;208;200;211;215;216;212;216;222;
Municipios;0528;Chinchón;705;691;677;682;687;681;660;649;
Municipios;0409;Ciempozuelos;1604;1641;1659;1707;1727;1780;1815;1843;
Municipios;0416;Cobeña;657;693;712;709;722;723;711;737;
Municipios;0468;Collado Mediano;661;673;680;693;724;715;712;736;
Municipios;0474;Collado Villalba;5470;5623;5638;5689;5833;5830;5860;5998;
Municipios;0455;Colmenar Viejo;4464;4541;4598;4580;4625;4589;4608;4783;
Municipios;0437;Colmenar de Oreja;727;718;714;709;714;733;750;749;
Municipios;0421;Colmenar del Arroyo;163;174;172;181;178;172;172;178;
Municipios;0442;Colmenarejo;703;694;688;693;735;737;734;774;
Municipios;0480;Corpa;32;35;30;29;38;41;40;38;
Municipios;0493;Coslada;7169;7235;7224;7400;7625;7658;7433;7372;
Municipios;0506;Cubas de la Sagra;439;463;485;498;515;516;522;530;
Municipios;0534;Daganzo de Arriba;1016;1076;1057;1048;1078;1069;1060;1064;
Municipios;0549;Escorial (El);1419;1440;1476;1497;1553;1543;1562;1623;
Municipios;0552;Estremera;159;165;159;155;157;151;150;153;
Municipios;0565;Fresnedillas de la Oliva;132;138;130;134;152;144;136;137;
Municipios;0571;Fresno de Torote;148;157;162;160;158;162;154;151;
Municipios;0587;Fuenlabrada;16422;16707;16661;16857;16951;16940;16674;16853;
Municipios;0590;Fuente el Saz de Jarama;848;864;855;864;898;905;912;939;
Municipios;0604;Fuentidueña de Tajo;174;179;162;168;184;179;186;198;
Municipios;0611;Galapagar;3036;3157;3112;3205;3284;3333;3299;3414;
Municipios;0626;Garganta de los Montes;55;52;50;51;52;53;49;50;
Municipios;0632;Gargantilla del Lozoya y Pinilla de Buitrago;51;56;52;54;43;38;39;40;
Municipios;0647;Gascones;26;32;32;34;32;33;38;41;
Municipios;0650;Getafe;12516;12880;13068;13413;13748;14038;14118;14520;
Municipios;0663;Griñón;1288;1358;1382;1428;1447;1450;1462;1466;
Municipios;0679;Guadalix de la Sierra;545;536;542;541;553;571;581;605;
Municipios;0685;Guadarrama;1354;1409;1426;1463;1472;1520;1516;1544;
Municipios;0698;Hiruela (La);12;12;14;10;10;15;18;18;
Municipios;0702;Horcajo de la Sierra-Aoslos;38;37;32;36;30;30;33;34;
Municipios;0719;Horcajuelo de la Sierra;18;20;17;18;16;16;21;20;
Municipios;0724;Hoyo de Manzanares;844;851;868;863;901;903;924;949;
Municipios;0730;Humanes de Madrid;3509;3537;3596;3618;3686;3757;3761;3761;
Municipios;0745;Leganés;13789;13969;14097;14403;14666;14777;14677;14678;
Municipios;0758;Loeches;916;968;1000;1007;1036;1023;1014;1022;
Municipios;0761;Lozoya;79;77;75;79;75;74;70;78;
Municipios;9015;Lozoyuela-Navas-Sieteiglesias;133;148;144;147;158;162;169;170;
Municipios;0783;Madarcos;14;12;13;13;13;11;14;13;
Municipios;0796;Madrid;398803;405444;409687;415465;423754;424848;419622;427187;
Municipios;0800;Majadahonda;9876;10070;10239;10258;10303;10220;10091;10346;
Municipios;0822;Manzanares el Real;684;701;701;721;763;771;775;796;
Municipios;0838;Meco;1045;1088;1114;1189;1224;1276;1258;1329;
Municipios;0843;Mejorada del Campo;2224;2218;2278;2301;2340;2348;2346;2390;
Municipios;0856;Miraflores de la Sierra;585;576;585;570;591;603;624;627;
Municipios;0869;Molar (El);680;696;676;695;674;700;699;719;
Municipios;0875;Molinos (Los);404;404;413;407;408;412;439;488;
Municipios;0881;Montejo de la Sierra;57;52;42;44;46;48;45;45;
Municipios;0894;Moraleja de Enmedio;787;825;844;882;834;832;821;824;
Municipios;0908;Moralzarzal;1137;1174;1187;1208;1234;1267;1274;1311;
Municipios;0915;Morata de Tajuña;568;601;581;594;605;606;592;609;
Municipios;0920;Móstoles;13701;13798;13759;13857;13972;13933;13781;13896;
Municipios;0936;Navacerrada;366;386;376;376;392;384;400;387;
Municipios;0941;Navalafuente;88;94;98;100;113;107;108;113;
Municipios;0954;Navalagamella;155;173;180;174;184;187;186;195;
Municipios;0967;Navalcarnero;2219;2319;2320;2321;2383;2406;2463;2525;
Municipios;0973;Navarredonda y San Mamés;19;26;23;26;21;19;21;22;
Municipios;0992;Navas del Rey;223;227;255;265;276;278;280;293;
Municipios;1006;Nuevo Baztán;534;547;554;569;596;583;608;623;
Municipios;1013;Olmeda de las Fuentes;49;48;49;50;52;60;60;63;
Municipios;1028;Orusco de Tajuña;62;69;64;67;78;74;78;86;
Municipios;1049;Paracuellos de Jarama;2377;2477;2553;2639;2734;2628;2623;2751;
Municipios;1065;Parla;6228;6339;6491;6800;7019;7166;7235;7397;
Municipios;1071;Patones;62;65;62;54;57;61;62;66;
Municipios;1087;Pedrezuela;411;428;422;435;455;462;464;464;
Municipios;1090;Pelayos de la Presa;211;220;214;228;250;264;273;289;
Municipios;1104;Perales de Tajuña;246;243;241;242;241;239;248;254;
Municipios;1111;Pezuela de las Torres;86;86;83;81;83;85;90;89;
Municipios;1126;Pinilla del Valle;16;15;18;16;15;14;16;16;
Municipios;1132;Pinto;4267;4332;4410;4478;4626;4693;4594;4746;
Municipios;1147;Piñuécar-Gandullas;23;23;23;19;18;21;23;26;
Municipios;1150;Pozuelo de Alarcón;14631;14904;15173;15271;15532;15545;15393;15799;
Municipios;1163;Pozuelo del Rey;88;92;91;89;94;88;88;93;
Municipios;1179;Prádena del Rincón;20;22;20;18;19;18;20;24;
Municipios;1185;Puebla de la Sierra;11;9;10;10;11;9;11;11;
Municipios;9020;Puentes Viejas;53;56;56;54;74;67;72;72;
Municipios;1198;Quijorna;242;254;264;269;300;301;295;307;
Municipios;1202;Rascafría;231;240;253;260;270;264;256;266;
Municipios;1219;Redueña;39;43;43;46;48;54;52;52;
Municipios;1224;Ribatejada;55;52;52;58;58;63;64;69;
Municipios;1230;Rivas-Vaciamadrid;7103;7424;7737;7970;8268;8555;8633;8951;
Municipios;1245;Robledillo de la Jara;9;8;10;9;8;9;11;12;
Municipios;1258;Robledo de Chavela;379;373;364;379;387;392;411;439;
Municipios;1261;Robregordo;7;6;4;4;4;4;6;6;
Municipios;1277;Rozas de Madrid (Las);13585;13870;14004;14184;14406;14323;14199;14602;
Municipios;1283;Rozas de Puerto Real;56;64;62;73;72;74;71;78;
Municipios;1296;San Agustín del Guadalix;1323;1372;1454;1523;1515;1424;1427;1466;
Municipios;1300;San Fernando de Henares;3946;4039;4052;4110;4155;3978;3990;4037;
Municipios;1317;San Lorenzo de El Escorial;1799;1812;1798;1809;1881;1885;1899;1945;
Municipios;1338;San Martín de Valdeiglesias;751;755;759;767;779;791;802;825;
Municipios;1322;San Martín de la Vega;1637;1674;1708;1706;1782;1778;1776;1781;
Municipios;1343;San Sebastián de los Reyes;9078;9344;9466;9605;9806;9977;9858;9990;
Municipios;1356;Santa María de la Alameda;151;146;147;154;160;165;159;167;
Municipios;1369;Santorcaz;71;63;66;66;61;58;67;71;
Municipios;1375;Santos de la Humosa (Los);151;163;172;170;185;192;200;189;
Municipios;1381;Serna del Monte (La);31;28;25;22;19;21;22;24;
Municipios;1408;Serranillos del Valle;421;440;440;453;449;479;466;474;
Municipios;1415;Sevilla la Nueva;789;830;880;894;902;898;875;892;
Municipios;1436;Somosierra;12;14;17;17;17;18;23;18;
Municipios;1441;Soto del Real;907;917;928;930;978;965;963;987;
Municipios;1454;Talamanca de Jarama;277;282;284;301;301;308;298;310;
Municipios;1467;Tielmes;202;193;198;205;202;206;224;230;
Municipios;1473;Titulcia;92;99;101;107;111;118;115;113;
Municipios;1489;Torrejón de Ardoz;8845;9019;9044;9204;9371;9522;9433;9616;
Municipios;1505;Torrejón de Velasco;437;436;452;438;439;447;450;475;
Municipios;1492;Torrejón de la Calzada;883;920;938;960;964;962;979;1004;
Municipios;1512;Torrelaguna;412;426;416;427;428;431;440;455;
Municipios;1527;Torrelodones;3088;3160;3191;3237;3324;3350;3408;3555;
Municipios;1533;Torremocha de Jarama;112;116;116;119;110;122;126;120;
Municipios;1548;Torres de la Alameda;803;831;828;838;857;843;847;863;
Municipios;9036;Tres Cantos;4967;5077;5103;5168;5221;5242;5186;5327;
Municipios;1551;Valdaracete;44;49;46;48;50;48;47;47;
Municipios;1564;Valdeavero;134;147;154;162;177;177;174;176;
Municipios;1570;Valdelaguna;73;74;65;63;65;65;66;73;
Municipios;1586;Valdemanco;85;83;89;83;86;82;82;88;
Municipios;1599;Valdemaqueda;81;84;86;87;89;94;84;88;
Municipios;1603;Valdemorillo;1238;1309;1327;1332;1423;1426;1443;1543;
Municipios;1610;Valdemoro;5931;6107;6248;6267;6460;6546;6546;6679;
Municipios;1625;Valdeolmos-Alalpardo;462;460;466;470;453;449;456;465;
Municipios;1631;Valdepiélagos;63;62;65;70;68;67;72;74;
Municipios;1646;Valdetorres de Jarama;375;391;382;394;398;401;391;410;
Municipios;1659;Valdilecha;226;223;235;242;242;257;265;262;
Municipios;1662;Valverde de Alcalá;28;29;27;28;31;34;34;35;
Municipios;1678;Velilla de San Antonio;1116;1103;1117;1146;1172;1169;1175;1207;
Municipios;1684;Vellón (El);139;133;141;140;140;150;151;163;
Municipios;1697;Venturada;224;229;274;315;350;349;366;375;
Municipios;1718;Villa del Prado;604;624;645;627;606;600;610;611;
Municipios;1701;Villaconejos;384;381;371;360;350;362;364;374;
Municipios;1723;Villalbilla;1048;1063;1063;1101;1168;1199;1203;1254;
Municipios;1739;Villamanrique de Tajo;78;77;80;80;70;77;81;82;
Municipios;1744;Villamanta;263;272;264;263;259;280;264;274;
Municipios;1757;Villamantilla;84;94;92;100;109;114;120;132;
Municipios;1782;Villanueva de Perales;148;156;162;168;160;165;164;161;
Municipios;1760;Villanueva de la Cañada;2407;2516;2529;2599;2747;2778;2791;2910;
Municipios;1776;Villanueva del Pardillo;1569;1658;1670;1669;1728;1736;1689;1737;
Municipios;1795;Villar del Olmo;161;176;185;197;205;239;241;240;
Municipios;1809;Villarejo de Salvanés;691;698;700;701;687;682;686;677;
Municipios;1816;Villaviciosa de Odón;3598;3699;3746;3760;3892;3854;3813;3964;
Municipios;1821;Villavieja del Lozoya;29;29;27;29;32;34;34;32;
Municipios;1837;Zarzalejo;148;141;147;161;158;163;162;173;(A) Avance ;
Notas;
(Base 2015);
;
Datos a 1 de enero de cada año.;
;
Unidad productiva: Unidad básica en el espacio generadora de actividad económica, coincidiendo en la mayoría de los casos con conceptos análogos como el establecimiento o la unidad local. Sin embargo, la unidad productiva agrupa igualmente a las actividades móviles (sin local estable), así como las actividades de otros autónomos, que se localizan convencionalmente en la dirección postal que se declara que, en muchos casos, coincide con el domicilio familiar habitual del profesional.;
