Magnitudes económicas.Cuentas económicas.Producto Interior Bruto Municipal.Base 2015. Producto Interior Bruto Municipal per cápita. Unidad: Euros. Fuente: Estimación del Producto Interior Bruto Municipal. Dirección General de Economía.;
Serie;;;2015;2016(P);2017(A);2018(A)
Comunidad de Madrid;;Comunidad de Madrid;31346;32493;33677;34917;
Zonas Estadísticas;01;Municipio de Madrid ;39554;40744;42040;43622;
Zonas Estadísticas;02;Norte Metropolitano ;44064;45170;46972;48578;
Zonas Estadísticas;03;Este Metropolitano  ;22914;24246;25897;26776;
Zonas Estadísticas;04;Sur Metropolitano   ;18949;19983;20863;21725;
Zonas Estadísticas;05;Oeste Metropolitano ;30004;31206;32186;33005;
Zonas Estadísticas;06;Sierra Norte        ;17635;17452;18090;18466;
Zonas Estadísticas;07;Nordeste Comunidad  ;21364;21758;22369;23042;
Zonas Estadísticas;08;Sudeste Comunidad   ;17508;18126;18674;19114;
Zonas Estadísticas;09;Sudoeste Comunidad  ;17354;18273;18818;19341;
Zonas Estadísticas;10;Sierra Sur          ;16398;16158;16131;16688;
Zonas Estadísticas;11;Sierra Central      ;14566;15108;15528;16034;
Municipios;0014;Acebeda (La);52000;56864;57182;53662;
Municipios;0029;Ajalvir;63190;64037;65957;62255;
Municipios;0035;Alameda del Valle;20594;20486;19819;22436;
Municipios;0040;Alamo (El);13930;13370;12984;12812;
Municipios;0053;Alcalá de Henares;22764;24275;26031;26805;
Municipios;0066;Alcobendas;65436;67110;68937;70879;
Municipios;0072;Alcorcón;20108;21362;22401;22802;
Municipios;0088;Aldea del Fresno;14738;14586;15196;14770;
Municipios;0091;Algete;26012;26439;27956;29430;
Municipios;0105;Alpedrete;12367;12889;13912;14191;
Municipios;0112;Ambite;13526;12988;11050;11291;
Municipios;0127;Anchuelo;12489;12405;12907;12193;
Municipios;0133;Aranjuez;19119;20805;21240;22667;
Municipios;0148;Arganda del Rey;30598;32213;34135;36056;
Municipios;0151;Arroyomolinos;16843;18585;19360;20260;
Municipios;0164;Atazar (El);27135;33579;31175;28333;
Municipios;0170;Batres;11640;11621;12129;11919;
Municipios;0186;Becerril de la Sierra;13390;13619;14232;14391;
Municipios;0199;Belmonte de Tajo;13145;12671;13128;12551;
Municipios;0210;Berrueco (El);27900;22122;24914;24910;
Municipios;0203;Berzosa del Lozoya;23099;25152;24507;27545;
Municipios;0225;Boadilla del Monte;23224;24799;25081;26048;
Municipios;0231;Boalo (El);12386;12521;13486;15083;
Municipios;0246;Braojos;68833;72582;81048;83698;
Municipios;0259;Brea de Tajo;20702;18955;20056;22352;
Municipios;0262;Brunete;13965;14910;15267;16157;
Municipios;0278;Buitrago del Lozoya;23746;24775;28127;28151;
Municipios;0284;Bustarviejo;14818;14636;13948;13598;
Municipios;0297;Cabanillas de la Sierra;15439;14367;14886;13490;
Municipios;0301;Cabrera (La);16244;17492;17709;19425;
Municipios;0318;Cadalso de los Vidrios;20547;19508;18586;17417;
Municipios;0323;Camarma de Esteruelas;20827;23589;24096;23347;
Municipios;0339;Campo Real;22118;23616;24294;24361;
Municipios;0344;Canencia;16455;16778;17723;19288;
Municipios;0357;Carabaña;11094;11331;12972;13413;
Municipios;0360;Casarrubuelos;13507;13969;14421;15697;
Municipios;0376;Cenicientos;14707;14184;13944;14749;
Municipios;0382;Cercedilla;19390;19446;19773;20178;
Municipios;0395;Cervera de Buitrago;17530;15618;14833;14933;
Municipios;0513;Chapinería;12999;11798;13348;13600;
Municipios;0528;Chinchón;16276;16602;17394;18617;
Municipios;0409;Ciempozuelos;24589;26857;28151;29568;
Municipios;0416;Cobeña;14907;16233;15912;16558;
Municipios;0468;Collado Mediano;13862;14763;14864;15150;
Municipios;0474;Collado Villalba;16772;18408;18320;18734;
Municipios;0455;Colmenar Viejo;18581;19393;22592;22587;
Municipios;0437;Colmenar de Oreja;15180;16107;17060;16848;
Municipios;0421;Colmenar del Arroyo;23463;22535;27055;30120;
Municipios;0442;Colmenarejo;18577;21509;21113;21461;
Municipios;0480;Corpa;9091;8338;7654;7518;
Municipios;0493;Coslada;23684;25931;27485;29495;
Municipios;0506;Cubas de la Sagra;11989;13149;13994;13787;
Municipios;0534;Daganzo de Arriba;30606;31355;31682;31937;
Municipios;0549;Escorial (El);14791;15496;15355;15858;
Municipios;0552;Estremera;41202;42760;47227;50776;
Municipios;0565;Fresnedillas de la Oliva;10273;10340;11470;12108;
Municipios;0571;Fresno de Torote;9573;10878;11144;10672;
Municipios;0587;Fuenlabrada;18057;18929;19582;20482;
Municipios;0590;Fuente el Saz de Jarama;21716;21220;22251;21870;
Municipios;0604;Fuentidueña de Tajo;15056;16392;16401;16485;
Municipios;0611;Galapagar;11676;11801;11920;12374;
Municipios;0626;Garganta de los Montes;28008;25051;28091;25009;
Municipios;0632;Gargantilla del Lozoya y Pinilla de Buitrago;24897;29502;31521;33094;
Municipios;0647;Gascones;27886;31901;28795;29920;
Municipios;0650;Getafe;24742;26022;27310;28237;
Municipios;0663;Griñón;28662;31254;33342;35298;
Municipios;0679;Guadalix de la Sierra;14049;14240;14870;13953;
Municipios;0685;Guadarrama;13777;14480;15012;15894;
Municipios;0698;Hiruela (La);52944;57648;61365;61229;
Municipios;0702;Horcajo de la Sierra-Aoslos;41302;46818;42408;47264;
Municipios;0719;Horcajuelo de la Sierra;46841;53442;49375;53247;
Municipios;0724;Hoyo de Manzanares;15012;14905;15379;15805;
Municipios;0730;Humanes de Madrid;34974;36257;39514;40539;
Municipios;0745;Leganés;21526;22351;23106;24199;
Municipios;0758;Loeches;32561;34064;34750;35969;
Municipios;0761;Lozoya;19182;19193;20275;21916;
Municipios;9015;Lozoyuela-Navas-Sieteiglesias;26031;28664;27228;24938;
Municipios;0783;Madarcos;54289;54085;55717;58617;
Municipios;0796;Madrid;39554;40744;42040;43622;
Municipios;0800;Majadahonda;28173;30153;31399;30782;
Municipios;0822;Manzanares el Real;11663;11290;11587;11902;
Municipios;0838;Meco;27987;28659;30793;34378;
Municipios;0843;Mejorada del Campo;18778;19571;21019;21441;
Municipios;0856;Miraflores de la Sierra;16532;16445;16196;16973;
Municipios;0869;Molar (El);13069;12155;11863;11943;
Municipios;0875;Molinos (Los);11942;11909;13079;13204;
Municipios;0881;Montejo de la Sierra;34123;30989;29371;29556;
Municipios;0894;Moraleja de Enmedio;26618;27603;30447;31300;
Municipios;0908;Moralzarzal;13211;13778;13903;14278;
Municipios;0915;Morata de Tajuña;16140;15754;15919;15992;
Municipios;0920;Móstoles;14045;14582;15059;15644;
Municipios;0936;Navacerrada;16597;16716;17104;17053;
Municipios;0941;Navalafuente;9889;8702;9486;9668;
Municipios;0954;Navalagamella;9445;9142;9895;9086;
Municipios;0967;Navalcarnero;17649;19224;18692;18994;
Municipios;0973;Navarredonda y San Mamés;32426;35500;35061;37648;
Municipios;0992;Navas del Rey;14520;14164;16066;16648;
Municipios;1006;Nuevo Baztán;12933;13880;12197;13421;
Municipios;1013;Olmeda de las Fuentes;25429;25196;24006;23069;
Municipios;1028;Orusco de Tajuña;15406;20894;21749;23437;
Municipios;1049;Paracuellos de Jarama;17344;17199;18266;18448;
Municipios;1065;Parla;9519;10294;11203;11543;
Municipios;1071;Patones;20032;19050;18740;19606;
Municipios;1087;Pedrezuela;12474;12110;12302;12391;
Municipios;1090;Pelayos de la Presa;14357;14013;13763;14630;
Municipios;1104;Perales de Tajuña;13828;13914;15308;16339;
Municipios;1111;Pezuela de las Torres;16863;15286;14961;14364;
Municipios;1126;Pinilla del Valle;18105;14802;15946;14487;
Municipios;1132;Pinto;26321;27164;27336;29300;
Municipios;1147;Piñuécar-Gandullas;23983;23827;25814;26322;
Municipios;1150;Pozuelo de Alarcón;55157;55678;59122;60351;
Municipios;1163;Pozuelo del Rey;9233;8739;9096;9142;
Municipios;1179;Prádena del Rincón;28025;28306;32598;36829;
Municipios;1185;Puebla de la Sierra;30589;30909;37279;48200;
Municipios;9020;Puentes Viejas;21708;24175;24443;25090;
Municipios;1198;Quijorna;9572;9201;9825;9726;
Municipios;1202;Rascafría;19952;18671;22682;20876;
Municipios;1219;Redueña;41023;40847;48629;60996;
Municipios;1224;Ribatejada;15554;14080;14923;15001;
Municipios;1230;Rivas-Vaciamadrid;16913;18521;20094;19989;
Municipios;1245;Robledillo de la Jara;26060;26222;30782;29655;
Municipios;1258;Robledo de Chavela;14231;13607;14045;14374;
Municipios;1261;Robregordo;50708;54289;55795;51646;
Municipios;1277;Rozas de Madrid (Las);38528;39386;40400;42721;
Municipios;1283;Rozas de Puerto Real;81294;81655;38734;50793;
Municipios;1296;San Agustín del Guadalix;20274;21885;23098;24200;
Municipios;1300;San Fernando de Henares;34192;35785;40175;42552;
Municipios;1317;San Lorenzo de El Escorial;17558;18241;18662;18669;
Municipios;1338;San Martín de Valdeiglesias;14705;15242;15667;16220;
Municipios;1322;San Martín de la Vega;18810;20738;20912;21235;
Municipios;1343;San Sebastián de los Reyes;32223;33335;34198;36404;
Municipios;1356;Santa María de la Alameda;19198;19376;19517;20552;
Municipios;1369;Santorcaz;7443;7058;7362;7334;
Municipios;1375;Santos de la Humosa (Los);9571;9389;9596;9581;
Municipios;1381;Serna del Monte (La);26756;22636;29603;29676;
Municipios;1408;Serranillos del Valle;16615;17186;18617;18698;
Municipios;1415;Sevilla la Nueva;14516;13677;14722;14916;
Municipios;1436;Somosierra;25699;27896;34104;31938;
Municipios;1441;Soto del Real;20413;20166;20020;20911;
Municipios;1454;Talamanca de Jarama;15146;14642;14615;13080;
Municipios;1467;Tielmes;14284;15447;15593;14960;
Municipios;1473;Titulcia;11229;10988;11597;11960;
Municipios;1489;Torrejón de Ardoz;20513;21115;22207;22858;
Municipios;1505;Torrejón de Velasco;15933;16037;18334;17908;
Municipios;1492;Torrejón de la Calzada;23354;23749;23732;25258;
Municipios;1512;Torrelaguna;14875;14276;12887;13549;
Municipios;1527;Torrelodones;16767;18245;18294;19343;
Municipios;1533;Torremocha de Jarama;26074;23308;23966;32697;
Municipios;1548;Torres de la Alameda;22432;23576;27076;27439;
Municipios;9036;Tres Cantos;59739;59781;62031;63883;
Municipios;1551;Valdaracete;13751;13086;12885;11904;
Municipios;1564;Valdeavero;12719;14147;13908;13669;
Municipios;1570;Valdelaguna;19201;15679;13986;13185;
Municipios;1586;Valdemanco;15349;15598;18681;18675;
Municipios;1599;Valdemaqueda;14608;13918;14859;14351;
Municipios;1603;Valdemorillo;12346;12871;13548;14397;
Municipios;1610;Valdemoro;17095;18389;20147;21541;
Municipios;1625;Valdeolmos-Alalpardo;21032;19169;19299;19904;
Municipios;1631;Valdepiélagos;13590;12714;12949;13700;
Municipios;1646;Valdetorres de Jarama;10974;12248;12173;12979;
Municipios;1659;Valdilecha;18884;20298;20114;22639;
Municipios;1662;Valverde de Alcalá;10753;11637;8991;12102;
Municipios;1678;Velilla de San Antonio;17135;17797;18180;18651;
Municipios;1684;Vellón (El);10373;9308;9308;9429;
Municipios;1697;Venturada;17450;17163;19872;22410;
Municipios;1718;Villa del Prado;12083;12589;12604;12469;
Municipios;1701;Villaconejos;12569;12869;12861;12787;
Municipios;1723;Villalbilla;13108;13411;13444;13471;
Municipios;1739;Villamanrique de Tajo;12929;13058;14068;25778;
Municipios;1744;Villamanta;13156;13149;13137;13614;
Municipios;1757;Villamantilla;14295;12072;11672;11701;
Municipios;1782;Villanueva de Perales;16255;16031;16049;15218;
Municipios;1760;Villanueva de la Cañada;19154;19423;18739;19175;
Municipios;1776;Villanueva del Pardillo;11959;12528;13537;14108;
Municipios;1795;Villar del Olmo;9300;9780;10016;10480;
Municipios;1809;Villarejo de Salvanés;22208;22681;23302;22809;
Municipios;1816;Villaviciosa de Odón;20741;23414;23773;24266;
Municipios;1821;Villavieja del Lozoya;17339;14400;14697;15733;
Municipios;1837;Zarzalejo;23841;23397;23026;23333;
(P) Dato provisional ;(A) Avance ;
Notas;
(Base 2015);
