Condiciones ambientales.Contaminación y tratamiento de residuos.Tratamiento de residuos.Otros. Puntos limpios. Unidad: Número. Fuente: Subdirección General de Residuos y Calidad Hídrica. Consejería de Medio Ambiente, Vivienda y Agricultura.;
Serie;;;2013;2014;2017;2018;2020;2021
Comunidad de Madrid;;Comunidad de Madrid;123;127;132;132;132;132;
Zonas Estadísticas;01;Municipio de Madrid ;16;16;16;16;16;16;
Zonas Estadísticas;02;Norte Metropolitano ;8;8;8;8;8;8;
Zonas Estadísticas;03;Este Metropolitano  ;9;9;9;9;9;9;
Zonas Estadísticas;04;Sur Metropolitano   ;18;18;18;18;18;18;
Zonas Estadísticas;05;Oeste Metropolitano ;12;12;12;10;10;10;
Zonas Estadísticas;06;Sierra Norte        ;11;12;11;12;12;12;
Zonas Estadísticas;07;Nordeste Comunidad  ;6;6;6;6;6;6;
Zonas Estadísticas;08;Sudeste Comunidad   ;13;15;20;20;20;20;
Zonas Estadísticas;09;Sudoeste Comunidad  ;10;10;11;12;12;12;
Zonas Estadísticas;10;Sierra Sur          ;7;8;8;8;8;8;
Zonas Estadísticas;11;Sierra Central      ;13;13;13;13;13;13;
Municipios;0014;Acebeda (La);0;0;0;0;0;0;
Municipios;0029;Ajalvir;1;1;1;1;1;1;
Municipios;0035;Alameda del Valle;0;0;0;0;0;0;
Municipios;0040;Alamo (El);0;0;0;1;1;1;
Municipios;0053;Alcalá de Henares;1;1;1;1;1;1;
Municipios;0066;Alcobendas;1;1;1;1;1;1;
Municipios;0072;Alcorcón;2;2;2;2;2;2;
Municipios;0088;Aldea del Fresno;0;0;0;0;0;0;
Municipios;0091;Algete;2;2;2;2;2;2;
Municipios;0105;Alpedrete;1;1;1;1;1;1;
Municipios;0112;Ambite;0;0;0;0;0;0;
Municipios;0127;Anchuelo;0;0;0;0;0;0;
Municipios;0133;Aranjuez;1;1;1;1;1;1;
Municipios;0148;Arganda del Rey;1;1;1;1;1;1;
Municipios;0151;Arroyomolinos;1;1;1;1;1;1;
Municipios;0164;Atazar (El);0;0;0;0;0;0;
Municipios;0170;Batres;0;0;0;0;0;0;
Municipios;0186;Becerril de la Sierra;1;1;1;1;1;1;
Municipios;0199;Belmonte de Tajo;0;0;0;0;0;0;
Municipios;0210;Berrueco (El);0;0;0;0;0;0;
Municipios;0203;Berzosa del Lozoya;0;0;0;0;0;0;
Municipios;0225;Boadilla del Monte;1;1;1;1;1;1;
Municipios;0231;Boalo (El);0;0;0;0;0;0;
Municipios;0246;Braojos;0;0;0;0;0;0;
Municipios;0259;Brea de Tajo;1;1;1;1;1;1;
Municipios;0262;Brunete;0;0;0;0;0;0;
Municipios;0278;Buitrago del Lozoya;0;0;0;0;0;0;
Municipios;0284;Bustarviejo;0;0;0;0;0;0;
Municipios;0297;Cabanillas de la Sierra;1;1;1;1;1;1;
Municipios;0301;Cabrera (La);1;1;1;1;1;1;
Municipios;0318;Cadalso de los Vidrios;0;0;0;0;0;0;
Municipios;0323;Camarma de Esteruelas;0;0;0;0;0;0;
Municipios;0339;Campo Real;0;0;0;0;0;0;
Municipios;0344;Canencia;0;0;0;0;0;0;
Municipios;0357;Carabaña;0;0;0;0;0;0;
Municipios;0360;Casarrubuelos;1;1;1;1;1;1;
Municipios;0376;Cenicientos;0;0;0;0;0;0;
Municipios;0382;Cercedilla;1;1;1;1;1;1;
Municipios;0395;Cervera de Buitrago;0;0;0;0;0;0;
Municipios;0513;Chapinería;0;0;0;0;0;0;
Municipios;0528;Chinchón;0;1;1;1;1;1;
Municipios;0409;Ciempozuelos;1;1;1;1;1;1;
Municipios;0416;Cobeña;1;1;1;1;1;1;
Municipios;0468;Collado Mediano;1;1;1;1;1;1;
Municipios;0474;Collado Villalba;1;1;1;1;1;1;
Municipios;0455;Colmenar Viejo;1;1;1;1;1;1;
Municipios;0437;Colmenar de Oreja;0;0;0;0;0;0;
Municipios;0421;Colmenar del Arroyo;0;0;0;0;0;0;
Municipios;0442;Colmenarejo;1;1;1;1;1;1;
Municipios;0480;Corpa;0;0;1;1;1;1;
Municipios;0493;Coslada;1;1;1;1;1;1;
Municipios;0506;Cubas de la Sagra;1;1;1;1;1;1;
Municipios;0534;Daganzo de Arriba;1;1;1;1;1;1;
Municipios;0549;Escorial (El);0;0;0;0;0;0;
Municipios;0552;Estremera;0;0;0;0;0;0;
Municipios;0565;Fresnedillas de la Oliva;1;1;1;1;1;1;
Municipios;0571;Fresno de Torote;0;0;0;0;0;0;
Municipios;0587;Fuenlabrada;1;1;1;1;1;1;
Municipios;0590;Fuente el Saz de Jarama;1;1;1;1;1;1;
Municipios;0604;Fuentidueña de Tajo;0;0;2;2;2;2;
Municipios;0611;Galapagar;1;1;1;1;1;1;
Municipios;0626;Garganta de los Montes;0;0;0;0;0;0;
Municipios;0632;Gargantilla del Lozoya y Pinilla de Buitrago;0;0;0;0;0;0;
Municipios;0647;Gascones;0;0;0;0;0;0;
Municipios;0650;Getafe;2;2;2;2;2;2;
Municipios;0663;Griñón;1;1;1;1;1;1;
Municipios;0679;Guadalix de la Sierra;1;1;1;1;1;1;
Municipios;0685;Guadarrama;1;1;1;1;1;1;
Municipios;0698;Hiruela (La);0;0;0;0;0;0;
Municipios;0702;Horcajo de la Sierra-Aoslos;0;0;0;0;0;0;
Municipios;0719;Horcajuelo de la Sierra;1;1;0;0;0;0;
Municipios;0724;Hoyo de Manzanares;0;0;0;0;0;0;
Municipios;0730;Humanes de Madrid;1;1;1;1;1;1;
Municipios;0745;Leganés;2;2;2;2;2;2;
Municipios;0758;Loeches;1;1;1;1;1;1;
Municipios;0761;Lozoya;0;0;0;0;0;0;
Municipios;9015;Lozoyuela-Navas-Sieteiglesias;0;0;0;0;0;0;
Municipios;0783;Madarcos;0;0;0;0;0;0;
Municipios;0796;Madrid;16;16;16;16;16;16;
Municipios;0800;Majadahonda;1;1;1;1;1;1;
Municipios;0822;Manzanares el Real;0;0;0;0;0;0;
Municipios;0838;Meco;1;1;1;1;1;1;
Municipios;0843;Mejorada del Campo;1;1;1;1;1;1;
Municipios;0856;Miraflores de la Sierra;1;1;1;1;1;1;
Municipios;0869;Molar (El);1;1;1;1;1;1;
Municipios;0875;Molinos (Los);1;1;1;1;1;1;
Municipios;0881;Montejo de la Sierra;0;0;0;0;0;0;
Municipios;0894;Moraleja de Enmedio;1;1;1;1;1;1;
Municipios;0908;Moralzarzal;1;1;1;1;1;1;
Municipios;0915;Morata de Tajuña;1;1;1;1;1;1;
Municipios;0920;Móstoles;2;2;2;2;2;2;
Municipios;0936;Navacerrada;1;1;1;1;1;1;
Municipios;0941;Navalafuente;1;1;1;1;1;1;
Municipios;0954;Navalagamella;0;0;0;0;0;0;
Municipios;0967;Navalcarnero;1;1;1;1;1;1;
Municipios;0973;Navarredonda y San Mamés;0;0;0;0;0;0;
Municipios;0992;Navas del Rey;1;1;1;1;1;1;
Municipios;1006;Nuevo Baztán;1;1;1;1;1;1;
Municipios;1013;Olmeda de las Fuentes;0;0;0;0;0;0;
Municipios;1028;Orusco de Tajuña;0;0;0;0;0;0;
Municipios;1049;Paracuellos de Jarama;1;1;1;1;1;1;
Municipios;1065;Parla;2;2;2;2;2;2;
Municipios;1071;Patones;0;0;0;0;0;0;
Municipios;1087;Pedrezuela;1;1;1;1;1;1;
Municipios;1090;Pelayos de la Presa;1;1;1;1;1;1;
Municipios;1104;Perales de Tajuña;1;1;1;1;1;1;
Municipios;1111;Pezuela de las Torres;1;1;1;1;1;1;
Municipios;1126;Pinilla del Valle;0;0;0;0;0;0;
Municipios;1132;Pinto;1;2;2;2;2;2;
Municipios;1147;Piñuécar-Gandullas;0;0;0;0;0;0;
Municipios;1150;Pozuelo de Alarcón;1;1;1;1;1;1;
Municipios;1163;Pozuelo del Rey;1;1;1;1;1;1;
Municipios;1179;Prádena del Rincón;0;0;0;0;0;0;
Municipios;1185;Puebla de la Sierra;0;0;0;0;0;0;
Municipios;9020;Puentes Viejas;0;0;0;0;0;0;
Municipios;1198;Quijorna;1;1;1;1;1;1;
Municipios;1202;Rascafría;0;0;0;0;0;0;
Municipios;1219;Redueña;0;0;0;0;0;0;
Municipios;1224;Ribatejada;0;0;0;0;0;0;
Municipios;1230;Rivas-Vaciamadrid;2;2;2;2;2;2;
Municipios;1245;Robledillo de la Jara;0;0;0;0;0;0;
Municipios;1258;Robledo de Chavela;0;0;0;0;0;0;
Municipios;1261;Robregordo;0;0;0;0;0;0;
Municipios;1277;Rozas de Madrid (Las);2;2;2;2;2;2;
Municipios;1283;Rozas de Puerto Real;1;1;1;1;1;1;
Municipios;1296;San Agustín del Guadalix;1;1;1;1;1;1;
Municipios;1300;San Fernando de Henares;0;0;0;0;0;0;
Municipios;1317;San Lorenzo de El Escorial;1;1;1;1;1;1;
Municipios;1338;San Martín de Valdeiglesias;1;1;1;1;1;1;
Municipios;1322;San Martín de la Vega;1;1;1;1;1;1;
Municipios;1343;San Sebastián de los Reyes;1;1;1;1;1;1;
Municipios;1356;Santa María de la Alameda;1;2;2;2;2;2;
Municipios;1369;Santorcaz;1;1;1;1;1;1;
Municipios;1375;Santos de la Humosa (Los);0;0;0;0;0;0;
Municipios;1381;Serna del Monte (La);0;0;0;0;0;0;
Municipios;1408;Serranillos del Valle;1;1;1;1;1;1;
Municipios;1415;Sevilla la Nueva;0;0;0;0;0;0;
Municipios;1436;Somosierra;0;0;0;0;0;0;
Municipios;1441;Soto del Real;1;1;1;1;1;1;
Municipios;1454;Talamanca de Jarama;1;1;1;1;1;1;
Municipios;1467;Tielmes;0;0;0;0;0;0;
Municipios;1473;Titulcia;0;0;0;0;0;0;
Municipios;1489;Torrejón de Ardoz;1;1;1;1;1;1;
Municipios;1505;Torrejón de Velasco;1;1;1;1;1;1;
Municipios;1492;Torrejón de la Calzada;0;0;0;0;0;0;
Municipios;1512;Torrelaguna;1;1;1;1;1;1;
Municipios;1527;Torrelodones;1;1;1;1;1;1;
Municipios;1533;Torremocha de Jarama;3;3;3;3;3;3;
Municipios;1548;Torres de la Alameda;1;1;1;1;1;1;
Municipios;9036;Tres Cantos;1;1;1;1;1;1;
Municipios;1551;Valdaracete;0;0;0;0;0;0;
Municipios;1564;Valdeavero;1;1;1;1;1;1;
Municipios;1570;Valdelaguna;0;0;0;0;0;0;
Municipios;1586;Valdemanco;0;0;0;1;1;1;
Municipios;1599;Valdemaqueda;1;1;1;1;1;1;
Municipios;1603;Valdemorillo;0;0;0;0;0;0;
Municipios;1610;Valdemoro;2;1;1;1;1;1;
Municipios;1625;Valdeolmos-Alalpardo;0;0;0;0;0;0;
Municipios;1631;Valdepiélagos;0;0;0;0;0;0;
Municipios;1646;Valdetorres de Jarama;0;0;0;0;0;0;
Municipios;1659;Valdilecha;0;1;1;1;1;1;
Municipios;1662;Valverde de Alcalá;1;1;1;1;1;1;
Municipios;1678;Velilla de San Antonio;0;0;0;0;0;0;
Municipios;1684;Vellón (El);0;0;0;0;0;0;
Municipios;1697;Venturada;1;1;1;1;1;1;
Municipios;1718;Villa del Prado;0;0;1;1;1;1;
Municipios;1701;Villaconejos;1;1;1;1;1;1;
Municipios;1723;Villalbilla;1;1;1;1;1;1;
Municipios;1739;Villamanrique de Tajo;0;0;1;1;1;1;
Municipios;1744;Villamanta;0;0;0;0;0;0;
Municipios;1757;Villamantilla;0;0;0;0;0;0;
Municipios;1782;Villanueva de Perales;1;1;1;1;1;1;
Municipios;1760;Villanueva de la Cañada;1;1;1;1;1;1;
Municipios;1776;Villanueva del Pardillo;1;1;1;1;1;1;
Municipios;1795;Villar del Olmo;0;0;1;1;1;1;
Municipios;1809;Villarejo de Salvanés;1;1;1;1;1;1;
Municipios;1816;Villaviciosa de Odón;3;3;3;1;1;1;
Municipios;1821;Villavieja del Lozoya;0;1;1;1;1;1;
Municipios;1837;Zarzalejo;0;0;0;0;0;0;
