Sector agrario.Censo agrario 2020.Distribución general de la superficie agrícola (SAU). Total superficie de las explotaciones agrícolas con SAU. Unidad: ha. Fuente: Censo Agrario. INE.;
Serie;;;2020
Comunidad de Madrid;;Comunidad de Madrid;303329.62;
Zonas Estadísticas;01;Municipio de Madrid ;2030.10;
Zonas Estadísticas;02;Norte Metropolitano ;-;
Zonas Estadísticas;03;Este Metropolitano  ;-;
Zonas Estadísticas;04;Sur Metropolitano   ;32953.70;
Zonas Estadísticas;05;Oeste Metropolitano ;-;
Zonas Estadísticas;06;Sierra Norte        ;-;
Zonas Estadísticas;07;Nordeste Comunidad  ;27812.93;
Zonas Estadísticas;08;Sudeste Comunidad   ;79912.79;
Zonas Estadísticas;09;Sudoeste Comunidad  ;-;
Zonas Estadísticas;10;Sierra Sur          ;-;
Zonas Estadísticas;11;Sierra Central      ;31673.17;
Municipios;0014;Acebeda (La);-;
Municipios;0029;Ajalvir;1176.67;
Municipios;0035;Alameda del Valle;871.83;
Municipios;0040;Alamo (El);1751.80;
Municipios;0053;Alcalá de Henares;2259.37;
Municipios;0066;Alcobendas;-;
Municipios;0072;Alcorcón;273.63;
Municipios;0088;Aldea del Fresno;738.69;
Municipios;0091;Algete;2623.16;
Municipios;0105;Alpedrete;571.28;
Municipios;0112;Ambite;1822.30;
Municipios;0127;Anchuelo;1455.15;
Municipios;0133;Aranjuez;10742.00;
Municipios;0148;Arganda del Rey;2536.56;
Municipios;0151;Arroyomolinos;-;
Municipios;0164;Atazar (El);-;
Municipios;0170;Batres;190.99;
Municipios;0186;Becerril de la Sierra;1358.10;
Municipios;0199;Belmonte de Tajo;1400.13;
Municipios;0210;Berrueco (El);195.56;
Municipios;0203;Berzosa del Lozoya;271.94;
Municipios;0225;Boadilla del Monte;730.35;
Municipios;0231;Boalo (El);1795.42;
Municipios;0246;Braojos;599.09;
Municipios;0259;Brea de Tajo;2532.27;
Municipios;0262;Brunete;3375.06;
Municipios;0278;Buitrago del Lozoya;1331.05;
Municipios;0284;Bustarviejo;924.62;
Municipios;0297;Cabanillas de la Sierra;633.34;
Municipios;0301;Cabrera (La);798.97;
Municipios;0318;Cadalso de los Vidrios;1015.73;
Municipios;0323;Camarma de Esteruelas;2505.40;
Municipios;0339;Campo Real;4292.72;
Municipios;0344;Canencia;1458.89;
Municipios;0357;Carabaña;1868.15;
Municipios;0360;Casarrubuelos;-;
Municipios;0376;Cenicientos;1937.01;
Municipios;0382;Cercedilla;798.29;
Municipios;0395;Cervera de Buitrago;-;
Municipios;0513;Chapinería;306.70;
Municipios;0528;Chinchón;4608.05;
Municipios;0409;Ciempozuelos;2361.62;
Municipios;0416;Cobeña;1343.35;
Municipios;0468;Collado Mediano;573.58;
Municipios;0474;Collado Villalba;605.48;
Municipios;0455;Colmenar Viejo;13976.40;
Municipios;0437;Colmenar de Oreja;7955.99;
Municipios;0421;Colmenar del Arroyo;2519.57;
Municipios;0442;Colmenarejo;1727.93;
Municipios;0480;Corpa;1327.01;
Municipios;0493;Coslada;-;
Municipios;0506;Cubas de la Sagra;248.23;
Municipios;0534;Daganzo de Arriba;4232.89;
Municipios;0549;Escorial (El);3485.26;
Municipios;0552;Estremera;5375.96;
Municipios;0565;Fresnedillas de la Oliva;908.95;
Municipios;0571;Fresno de Torote;2073.00;
Municipios;0587;Fuenlabrada;1332.18;
Municipios;0590;Fuente el Saz de Jarama;2054.80;
Municipios;0604;Fuentidueña de Tajo;3681.86;
Municipios;0611;Galapagar;718.95;
Municipios;0626;Garganta de los Montes;1815.26;
Municipios;0632;Gargantilla del Lozoya y Pinilla de Buitrago;827.74;
Municipios;0647;Gascones;529.46;
Municipios;0650;Getafe;2713.24;
Municipios;0663;Griñón;1458.62;
Municipios;0679;Guadalix de la Sierra;3686.51;
Municipios;0685;Guadarrama;1929.58;
Municipios;0698;Hiruela (La);-;
Municipios;0702;Horcajo de la Sierra-Aoslos;493.96;
Municipios;0719;Horcajuelo de la Sierra;404.84;
Municipios;0724;Hoyo de Manzanares;412.25;
Municipios;0730;Humanes de Madrid;1110.61;
Municipios;0745;Leganés;813.65;
Municipios;0758;Loeches;2110.50;
Municipios;0761;Lozoya;1509.12;
Municipios;9015;Lozoyuela-Navas-Sieteiglesias;1513.26;
Municipios;0783;Madarcos;945.25;
Municipios;0796;Madrid;2030.10;
Municipios;0800;Majadahonda;1546.76;
Municipios;0822;Manzanares el Real;5824.04;
Municipios;0838;Meco;3819.25;
Municipios;0843;Mejorada del Campo;540.05;
Municipios;0856;Miraflores de la Sierra;2539.95;
Municipios;0869;Molar (El);1674.35;
Municipios;0875;Molinos (Los);771.21;
Municipios;0881;Montejo de la Sierra;626.80;
Municipios;0894;Moraleja de Enmedio;2228.00;
Municipios;0908;Moralzarzal;1295.10;
Municipios;0915;Morata de Tajuña;2574.99;
Municipios;0920;Móstoles;2120.45;
Municipios;0936;Navacerrada;1389.35;
Municipios;0941;Navalafuente;649.02;
Municipios;0954;Navalagamella;2250.44;
Municipios;0967;Navalcarnero;5178.81;
Municipios;0973;Navarredonda y San Mamés;553.53;
Municipios;0992;Navas del Rey;1526.99;
Municipios;1006;Nuevo Baztán;820.50;
Municipios;1013;Olmeda de las Fuentes;737.65;
Municipios;1028;Orusco de Tajuña;352.59;
Municipios;1049;Paracuellos de Jarama;1270.31;
Municipios;1065;Parla;1470.86;
Municipios;1071;Patones;482.38;
Municipios;1087;Pedrezuela;455.90;
Municipios;1090;Pelayos de la Presa;101.65;
Municipios;1104;Perales de Tajuña;649.97;
Municipios;1111;Pezuela de las Torres;3138.53;
Municipios;1126;Pinilla del Valle;401.07;
Municipios;1132;Pinto;4542.06;
Municipios;1147;Piñuécar-Gandullas;822.39;
Municipios;1150;Pozuelo de Alarcón;12.04;
Municipios;1163;Pozuelo del Rey;2586.00;
Municipios;1179;Prádena del Rincón;441.90;
Municipios;1185;Puebla de la Sierra;-;
Municipios;9020;Puentes Viejas;979.90;
Municipios;1198;Quijorna;1080.95;
Municipios;1202;Rascafría;2344.51;
Municipios;1219;Redueña;643.60;
Municipios;1224;Ribatejada;1767.94;
Municipios;1230;Rivas-Vaciamadrid;1189.97;
Municipios;1245;Robledillo de la Jara;-;
Municipios;1258;Robledo de Chavela;2974.34;
Municipios;1261;Robregordo;242.33;
Municipios;1277;Rozas de Madrid (Las);951.92;
Municipios;1283;Rozas de Puerto Real;628.65;
Municipios;1296;San Agustín del Guadalix;2334.09;
Municipios;1300;San Fernando de Henares;1146.08;
Municipios;1317;San Lorenzo de El Escorial;1971.12;
Municipios;1338;San Martín de Valdeiglesias;1497.99;
Municipios;1322;San Martín de la Vega;4361.71;
Municipios;1343;San Sebastián de los Reyes;1652.61;
Municipios;1356;Santa María de la Alameda;3263.19;
Municipios;1369;Santorcaz;1672.44;
Municipios;1375;Santos de la Humosa (Los);2633.52;
Municipios;1381;Serna del Monte (La);284.53;
Municipios;1408;Serranillos del Valle;672.64;
Municipios;1415;Sevilla la Nueva;966.14;
Municipios;1436;Somosierra;323.05;
Municipios;1441;Soto del Real;1887.35;
Municipios;1454;Talamanca de Jarama;2254.39;
Municipios;1467;Tielmes;981.67;
Municipios;1473;Titulcia;397.76;
Municipios;1489;Torrejón de Ardoz;1220.68;
Municipios;1505;Torrejón de Velasco;3521.11;
Municipios;1492;Torrejón de la Calzada;310.63;
Municipios;1512;Torrelaguna;1817.16;
Municipios;1527;Torrelodones;-;
Municipios;1533;Torremocha de Jarama;1246.47;
Municipios;1548;Torres de la Alameda;2545.16;
Municipios;9036;Tres Cantos;1155.06;
Municipios;1551;Valdaracete;2764.78;
Municipios;1564;Valdeavero;1671.09;
Municipios;1570;Valdelaguna;829.26;
Municipios;1586;Valdemanco;38.14;
Municipios;1599;Valdemaqueda;-;
Municipios;1603;Valdemorillo;2140.73;
Municipios;1610;Valdemoro;1111.69;
Municipios;1625;Valdeolmos-Alalpardo;2190.06;
Municipios;1631;Valdepiélagos;1357.81;
Municipios;1646;Valdetorres de Jarama;2211.95;
Municipios;1659;Valdilecha;4053.24;
Municipios;1662;Valverde de Alcalá;416.47;
Municipios;1678;Velilla de San Antonio;484.34;
Municipios;1684;Vellón (El);1484.73;
Municipios;1697;Venturada;466.24;
Municipios;1718;Villa del Prado;3747.97;
Municipios;1701;Villaconejos;2981.21;
Municipios;1723;Villalbilla;1902.76;
Municipios;1739;Villamanrique de Tajo;2305.11;
Municipios;1744;Villamanta;2618.04;
Municipios;1757;Villamantilla;1240.30;
Municipios;1782;Villanueva de Perales;2863.48;
Municipios;1760;Villanueva de la Cañada;533.00;
Municipios;1776;Villanueva del Pardillo;1614.88;
Municipios;1795;Villar del Olmo;730.66;
Municipios;1809;Villarejo de Salvanés;6408.43;
Municipios;1816;Villaviciosa de Odón;1047.89;
Municipios;1821;Villavieja del Lozoya;696.08;
Municipios;1837;Zarzalejo;577.01;
Notas;
Los datos de una explotación agrícola se ubican en el municipio donde dicha explotación tenga la mayor cantidad de SAU y/o ganado.;
;
SAU: Superficie Agrícola Utilizada, tanto al aire libre y/o en abrigo bajo (cultivos herbáceos y barbechos, cultivos permanentes o leñosos, pastos permanentes y huertos familiares) como en invernadero o abrigo alto accesible.;
;
'-' = dato protegido por secreto estadístico.;
