Magnitudes económicas.Cuentas económicas.Producto Interior Bruto Municipal.Base 2015 actualizada. Producto Interior Bruto Municipal per cápita. Unidad: Euros. Fuente: Estimación del Producto Interior Bruto Municipal. Dirección General de Economía.;
Serie;;;2015;2016;2017;2018(P);2019(A)
Comunidad de Madrid;;Comunidad de Madrid;31346;32493;33677;34917;36250;
Zonas Estadísticas;01;Municipio de Madrid ;39581;40745;41993;43652;45461;
Zonas Estadísticas;02;Norte Metropolitano ;44068;45184;47003;48574;49235;
Zonas Estadísticas;03;Este Metropolitano  ;22946;24281;26009;26818;27804;
Zonas Estadísticas;04;Sur Metropolitano   ;18975;19995;20945;21740;22579;
Zonas Estadísticas;05;Oeste Metropolitano ;29763;30975;31884;32640;33757;
Zonas Estadísticas;06;Sierra Norte        ;17269;17474;18248;18449;19067;
Zonas Estadísticas;07;Nordeste Comunidad  ;21308;21840;22522;23097;23888;
Zonas Estadísticas;08;Sudeste Comunidad   ;17553;18337;18980;19297;19368;
Zonas Estadísticas;09;Sudoeste Comunidad  ;17333;18364;18983;19442;20913;
Zonas Estadísticas;10;Sierra Sur          ;16294;16427;16556;17020;17508;
Zonas Estadísticas;11;Sierra Central      ;14532;15207;15666;15981;16607;
Municipios;0014;Acebeda (La);51385;57212;57955;54123;51881;
Municipios;0029;Ajalvir;62789;63642;65402;61620;62238;
Municipios;0035;Alameda del Valle;20097;20793;20518;22851;24720;
Municipios;0040;Alamo (El);14400;14143;13826;13460;14385;
Municipios;0053;Alcalá de Henares;22817;24345;26203;26850;27632;
Municipios;0066;Alcobendas;65406;67229;69088;70910;71315;
Municipios;0072;Alcorcón;20128;21318;22551;22818;24335;
Municipios;0088;Aldea del Fresno;14474;14877;15453;15037;15560;
Municipios;0091;Algete;25944;26378;27984;29319;30348;
Municipios;0105;Alpedrete;12202;12896;13933;14062;14865;
Municipios;0112;Ambite;13202;13187;11430;11542;11375;
Municipios;0127;Anchuelo;12352;12485;13078;12290;12328;
Municipios;0133;Aranjuez;19170;21008;21421;22672;23005;
Municipios;0148;Arganda del Rey;30515;32177;34222;36189;38703;
Municipios;0151;Arroyomolinos;16477;18313;19078;19900;22939;
Municipios;0164;Atazar (El);26938;33695;31423;28495;32775;
Municipios;0170;Batres;10500;10542;10630;10368;11952;
Municipios;0186;Becerril de la Sierra;13440;13929;14491;14302;14727;
Municipios;0199;Belmonte de Tajo;13139;12914;13437;13192;13740;
Municipios;0210;Berrueco (El);27534;22299;25304;25140;26466;
Municipios;0203;Berzosa del Lozoya;22866;25293;24798;27722;21976;
Municipios;0225;Boadilla del Monte;22777;24305;24606;25597;26079;
Municipios;0231;Boalo (El);12669;12836;13641;14994;15239;
Municipios;0246;Braojos;68507;72776;81452;83937;74741;
Municipios;0259;Brea de Tajo;20471;19093;20364;22537;20691;
Municipios;0262;Brunete;13883;14729;15130;15833;16422;
Municipios;0278;Buitrago del Lozoya;23566;24881;28359;28286;29061;
Municipios;0284;Bustarviejo;14954;15699;15348;14842;14063;
Municipios;0297;Cabanillas de la Sierra;15206;14509;15195;13671;13390;
Municipios;0301;Cabrera (La);15635;16569;16897;18450;18702;
Municipios;0318;Cadalso de los Vidrios;20550;19621;18822;17650;18962;
Municipios;0323;Camarma de Esteruelas;21162;23980;24728;23955;23442;
Municipios;0339;Campo Real;22358;24007;24426;24663;23893;
Municipios;0344;Canencia;16050;17024;18261;19624;18933;
Municipios;0357;Carabaña;11173;11764;13503;13876;13836;
Municipios;0360;Casarrubuelos;13532;14178;14660;15954;16314;
Municipios;0376;Cenicientos;14441;14345;14293;14955;13168;
Municipios;0382;Cercedilla;19656;19683;20170;20189;20233;
Municipios;0395;Cervera de Buitrago;17171;15834;15314;15228;16707;
Municipios;0513;Chapinería;12823;11899;13567;13728;13968;
Municipios;0528;Chinchón;16557;17082;17886;19087;19846;
Municipios;0409;Ciempozuelos;24488;26826;28163;29471;26868;
Municipios;0416;Cobeña;15119;16287;16125;16539;16446;
Municipios;0468;Collado Mediano;13649;14736;15081;15213;15702;
Municipios;0474;Collado Villalba;16711;18357;18347;18735;19169;
Municipios;0455;Colmenar Viejo;18481;19292;22501;22437;23888;
Municipios;0437;Colmenar de Oreja;15055;16213;17426;17079;15720;
Municipios;0421;Colmenar del Arroyo;23276;22644;27291;30255;28968;
Municipios;0442;Colmenarejo;18323;22137;21982;22330;23710;
Municipios;0480;Corpa;8927;8435;7861;7637;8867;
Municipios;0493;Coslada;23695;25871;27506;29439;32193;
Municipios;0506;Cubas de la Sagra;12178;13274;14351;14180;15394;
Municipios;0534;Daganzo de Arriba;29917;30683;30969;30910;32756;
Municipios;0549;Escorial (El);14668;15325;15336;15769;16378;
Municipios;0552;Estremera;41010;42877;47492;50934;53476;
Municipios;0565;Fresnedillas de la Oliva;10125;10429;11661;12221;11792;
Municipios;0571;Fresno de Torote;9422;10967;11331;10779;9589;
Municipios;0587;Fuenlabrada;18087;18933;19697;20564;21296;
Municipios;0590;Fuente el Saz de Jarama;22013;22203;23299;22769;22416;
Municipios;0604;Fuentidueña de Tajo;14606;16185;16487;16280;16302;
Municipios;0611;Galapagar;11553;11730;11906;12374;12586;
Municipios;0626;Garganta de los Montes;27518;25353;28789;25397;26640;
Municipios;0632;Gargantilla del Lozoya y Pinilla de Buitrago;24171;29963;32556;33698;31497;
Municipios;0647;Gascones;27625;32058;29131;30101;29326;
Municipios;0650;Getafe;24837;26159;27355;28254;29354;
Municipios;0663;Griñón;28931;31748;33946;35926;36814;
Municipios;0679;Guadalix de la Sierra;13965;14202;14802;13542;14860;
Municipios;0685;Guadarrama;13913;14564;15276;15929;16726;
Municipios;0698;Hiruela (La);52241;58074;62308;61833;53982;
Municipios;0702;Horcajo de la Sierra-Aoslos;40642;47252;43359;47797;41648;
Municipios;0719;Horcajuelo de la Sierra;46330;53744;50034;53618;51186;
Municipios;0724;Hoyo de Manzanares;13973;13947;14320;14131;14638;
Municipios;0730;Humanes de Madrid;35026;36236;39523;40539;43235;
Municipios;0745;Leganés;21500;22281;23124;24155;24915;
Municipios;0758;Loeches;32953;34100;35024;35947;38299;
Municipios;0761;Lozoya;18822;19413;20767;22204;20935;
Municipios;9015;Lozoyuela-Navas-Sieteiglesias;25594;28921;27774;25251;26928;
Municipios;0783;Madarcos;53822;54362;56326;58979;58979;
Municipios;0796;Madrid;39581;40745;41993;43652;45461;
Municipios;0800;Majadahonda;28176;30117;31318;30728;32569;
Municipios;0822;Manzanares el Real;11494;11357;11688;11686;12060;
Municipios;0838;Meco;28100;28663;30750;34365;37917;
Municipios;0843;Mejorada del Campo;18676;19524;20940;21352;22372;
Municipios;0856;Miraflores de la Sierra;16338;16595;16467;16620;16527;
Municipios;0869;Molar (El);12546;12000;11757;11856;11371;
Municipios;0875;Molinos (Los);12268;12340;13301;13046;13281;
Municipios;0881;Montejo de la Sierra;33824;31173;29775;29788;33450;
Municipios;0894;Moraleja de Enmedio;26712;27838;30904;31802;32003;
Municipios;0908;Moralzarzal;12917;13557;13876;14224;14539;
Municipios;0915;Morata de Tajuña;16463;16277;16671;16660;16668;
Municipios;0920;Móstoles;14040;14599;15179;15724;16244;
Municipios;0936;Navacerrada;16690;17322;18073;17598;18674;
Municipios;0941;Navalafuente;10351;9713;10796;10928;11148;
Municipios;0954;Navalagamella;9684;9653;10560;9782;11234;
Municipios;0967;Navalcarnero;17635;19202;18711;18998;20815;
Municipios;0973;Navarredonda y San Mamés;31772;35894;35931;38197;35279;
Municipios;0992;Navas del Rey;14340;14269;16286;16774;18194;
Municipios;1006;Nuevo Baztán;12976;14148;12419;13343;13621;
Municipios;1013;Olmeda de las Fuentes;25198;25337;24307;23240;23868;
Municipios;1028;Orusco de Tajuña;15191;21024;22034;23606;23963;
Municipios;1049;Paracuellos de Jarama;17006;16928;17935;17916;17975;
Municipios;1065;Parla;9612;10224;11277;11506;12025;
Municipios;1071;Patones;19788;19192;19036;19792;19342;
Municipios;1087;Pedrezuela;11730;11434;11717;11797;11911;
Municipios;1090;Pelayos de la Presa;13821;14096;14238;15021;15293;
Municipios;1104;Perales de Tajuña;13679;14004;15504;16454;14854;
Municipios;1111;Pezuela de las Torres;16603;15438;15282;14552;15027;
Municipios;1126;Pinilla del Valle;17720;15042;16481;14797;14037;
Municipios;1132;Pinto;26394;27202;27396;29282;30719;
Municipios;1147;Piñuécar-Gandullas;23617;24032;26262;26602;24643;
Municipios;1150;Pozuelo de Alarcón;54920;55397;58798;59973;62872;
Municipios;1163;Pozuelo del Rey;9086;8827;9281;9248;10615;
Municipios;1179;Prádena del Rincón;27582;28545;33129;37179;43641;
Municipios;1185;Puebla de la Sierra;29959;31318;38262;48783;34969;
Municipios;9020;Puentes Viejas;21328;24407;24941;25377;26337;
Municipios;1198;Quijorna;9920;9670;10605;10249;11413;
Municipios;1202;Rascafría;19676;18839;23050;21093;21970;
Municipios;1219;Redueña;40761;41004;48980;61206;57850;
Municipios;1224;Ribatejada;15314;14226;15234;15183;13842;
Municipios;1230;Rivas-Vaciamadrid;16880;18513;20115;19949;20611;
Municipios;1245;Robledillo de la Jara;25540;26535;31552;30103;33025;
Municipios;1258;Robledo de Chavela;14309;13961;14790;14966;15776;
Municipios;1261;Robregordo;49813;54867;57068;52333;44328;
Municipios;1277;Rozas de Madrid (Las);38173;39104;39936;42209;43047;
Municipios;1283;Rozas de Puerto Real;80931;81865;39189;51065;53092;
Municipios;1296;San Agustín del Guadalix;20305;21837;23143;24202;24202;
Municipios;1300;San Fernando de Henares;33972;35694;40243;42418;45609;
Municipios;1317;San Lorenzo de El Escorial;17413;18377;18724;18613;19515;
Municipios;1338;San Martín de Valdeiglesias;14499;15488;15910;16453;17141;
Municipios;1322;San Martín de la Vega;18910;20806;21022;21329;23174;
Municipios;1343;San Sebastián de los Reyes;32401;33355;34329;36506;36026;
Municipios;1356;Santa María de la Alameda;20375;21318;21662;21874;20937;
Municipios;1369;Santorcaz;7259;7166;7596;7473;7172;
Municipios;1375;Santos de la Humosa (Los);10278;9828;10488;10130;10634;
Municipios;1381;Serna del Monte (La);26395;22883;30151;30000;24210;
Municipios;1408;Serranillos del Valle;16727;17523;19086;19077;20865;
Municipios;1415;Sevilla la Nueva;14564;13573;14738;14651;15130;
Municipios;1436;Somosierra;25329;28104;34558;32188;36488;
Municipios;1441;Soto del Real;21025;20812;20373;21014;21666;
Municipios;1454;Talamanca de Jarama;15204;14616;15016;13129;14446;
Municipios;1467;Tielmes;14129;15537;15789;15075;14501;
Municipios;1473;Titulcia;11079;11075;11783;12067;14413;
Municipios;1489;Torrejón de Ardoz;20695;21254;22375;23073;22663;
Municipios;1505;Torrejón de Velasco;15818;16104;18479;17993;18115;
Municipios;1492;Torrejón de la Calzada;23532;24157;24253;25688;26789;
Municipios;1512;Torrelaguna;13913;14306;12918;13361;14688;
Municipios;1527;Torrelodones;16263;17815;17899;18600;19197;
Municipios;1533;Torremocha de Jarama;25928;23398;24156;32805;31303;
Municipios;1548;Torres de la Alameda;22693;23905;27630;27913;28160;
Municipios;9036;Tres Cantos;59594;59691;61672;63795;67030;
Municipios;1551;Valdaracete;13551;13204;13140;12058;12333;
Municipios;1564;Valdeavero;12547;14252;14130;13794;13789;
Municipios;1570;Valdelaguna;18963;15818;14280;13351;13463;
Municipios;1586;Valdemanco;15010;15801;19120;18930;22078;
Municipios;1599;Valdemaqueda;14266;14122;15310;14618;15188;
Municipios;1603;Valdemorillo;12420;12650;13237;13954;14750;
Municipios;1610;Valdemoro;17037;18414;20120;21481;22367;
Municipios;1625;Valdeolmos-Alalpardo;21105;19165;19487;19847;19073;
Municipios;1631;Valdepiélagos;13364;12847;13228;13868;15420;
Municipios;1646;Valdetorres de Jarama;11491;13065;13026;13857;12855;
Municipios;1659;Valdilecha;18806;20450;20449;23015;20904;
Municipios;1662;Valverde de Alcalá;10592;11733;9204;12227;8512;
Municipios;1678;Velilla de San Antonio;18276;18789;19749;19836;18938;
Municipios;1684;Vellón (El);10150;9437;9590;9585;9850;
Municipios;1697;Venturada;17500;17253;20026;22372;25909;
Municipios;1718;Villa del Prado;11864;12611;12863;12672;13147;
Municipios;1701;Villaconejos;12432;12951;13040;12891;12497;
Municipios;1723;Villalbilla;12948;13488;13350;13182;13674;
Municipios;1739;Villamanrique de Tajo;12685;13206;14392;25967;14185;
Municipios;1744;Villamanta;13040;13390;13455;13933;15207;
Municipios;1757;Villamantilla;14621;12355;11999;12345;12937;
Municipios;1782;Villanueva de Perales;16120;16108;16213;15314;12409;
Municipios;1760;Villanueva de la Cañada;18714;19106;18541;18831;19455;
Municipios;1776;Villanueva del Pardillo;11774;12488;13457;13845;14600;
Municipios;1795;Villar del Olmo;9207;9756;10451;10685;11123;
Municipios;1809;Villarejo de Salvanés;22205;22968;23629;23019;23494;
Municipios;1816;Villaviciosa de Odón;20600;23321;22926;23226;24433;
Municipios;1821;Villavieja del Lozoya;16921;14656;15258;16074;18577;
Municipios;1837;Zarzalejo;23556;23564;23381;23538;24224;
(P) Dato provisional ;(A) Avance ;
Notas;
(Base 2015);
