Magnitudes económicas.Cuentas económicas.Producto Interior Bruto Municipal.Base 2015 actualizada. Producto Interior Bruto Municipal total. Unidad: Miles euros. Fuente: Estimación del Producto Interior Bruto Municipal. Dirección General de Economía.;
Serie;;;2015;2016;2017;2018(P);2019(A)
Comunidad de Madrid;;Comunidad de Madrid;201770928;210128969;219140733;229684955;241548660;
Zonas Estadísticas;01;Municipio de Madrid ;124363459;128980357;133661742;140704878;148481247;
Zonas Estadísticas;02;Norte Metropolitano ;14499271;15024378;15836068;16565485;17045665;
Zonas Estadísticas;03;Este Metropolitano  ;14931593;15713810;16802662;17425482;18271316;
Zonas Estadísticas;04;Sur Metropolitano   ;24612332;25956288;27356056;28596949;29993181;
Zonas Estadísticas;05;Oeste Metropolitano ;14278197;14940238;15554696;16103483;16818257;
Zonas Estadísticas;06;Sierra Norte        ;697675;706511;743437;762293;803361;
Zonas Estadísticas;07;Nordeste Comunidad  ;1298772;1341562;1403090;1468296;1555367;
Zonas Estadísticas;08;Sudeste Comunidad   ;1807084;1884324;1963233;2013903;2060776;
Zonas Estadísticas;09;Sudoeste Comunidad  ;2268280;2441664;2572495;2693461;2981928;
Zonas Estadísticas;10;Sierra Sur          ;556296;560477;571819;595176;626304;
Zonas Estadísticas;11;Sierra Central      ;2457966;2579362;2675441;2755545;2911258;
Municipios;0014;Acebeda (La);3340;3776;3825;3518;4358;
Municipios;0029;Ajalvir;272693;282569;291366;280924;293264;
Municipios;0035;Alameda del Valle;4361;4325;4083;4456;4944;
Municipios;0040;Alamo (El);129096;127523;126495;125896;136227;
Municipios;0053;Alcalá de Henares;4534788;4769258;5091517;5202144;5406093;
Municipios;0066;Alcobendas;7394440;7619760;7935722;8228144;8346738;
Municipios;0072;Alcorcón;3364140;3567637;3791682;3867715;4149473;
Municipios;0088;Aldea del Fresno;36691;38442;40425;40570;44160;
Municipios;0091;Algete;522727;535754;571409;600250;625499;
Municipios;0105;Alpedrete;173849;185924;198408;201991;216663;
Municipios;0112;Ambite;8159;7846;7738;6937;6734;
Municipios;0127;Anchuelo;14822;15169;16190;15633;15669;
Municipios;0133;Aranjuez;1115080;1217020;1247000;1338510;1371274;
Municipios;0148;Arganda del Rey;1664095;1745816;1841888;1974246;2143704;
Municipios;0151;Arroyomolinos;442332;515999;555706;598046;720185;
Municipios;0164;Atazar (El);2586;3201;3048;2650;2917;
Municipios;0170;Batres;16464;16677;17115;16982;20127;
Municipios;0186;Becerril de la Sierra;72523;75761;79077;79575;84150;
Municipios;0199;Belmonte de Tajo;21351;20727;21875;21463;22864;
Municipios;0210;Berrueco (El);17016;16769;18801;18629;20114;
Municipios;0203;Berzosa del Lozoya;4619;5008;5034;5489;4505;
Municipios;0225;Boadilla del Monte;1110931;1209484;1266279;1347086;1423152;
Municipios;0231;Boalo (El);90669;92742;100370;110941;114411;
Municipios;0246;Braojos;13907;14628;16942;17207;15322;
Municipios;0259;Brea de Tajo;11464;10692;10976;11832;10842;
Municipios;0262;Brunete;144352;152801;156940;167766;176309;
Municipios;0278;Buitrago del Lozoya;43950;46304;52578;53037;54751;
Municipios;0284;Bustarviejo;35396;37207;36819;36897;35199;
Municipios;0297;Cabanillas de la Sierra;11146;10432;10819;9734;10123;
Municipios;0301;Cabrera (La);40245;42417;43426;48209;49879;
Municipios;0318;Cadalso de los Vidrios;56862;54703;57465;53814;57624;
Municipios;0323;Camarma de Esteruelas;150972;169060;175174;173101;171974;
Municipios;0339;Campo Real;130881;141351;146434;149827;148373;
Municipios;0344;Canencia;7447;7678;8181;8301;8463;
Municipios;0357;Carabaña;22536;22917;26196;26433;27811;
Municipios;0360;Casarrubuelos;48012;50885;53508;59141;61634;
Municipios;0376;Cenicientos;29388;28489;28358;29610;26770;
Municipios;0382;Cercedilla;133286;132880;138225;140274;142158;
Municipios;0395;Cervera de Buitrago;2816;2486;2389;2269;2506;
Municipios;0513;Chapinería;27671;26344;30187;30751;32517;
Municipios;0528;Chinchón;90002;90431;93724;99995;105797;
Municipios;0409;Ciempozuelos;580263;637729;668496;709857;660733;
Municipios;0416;Cobeña;105574;114159;115504;120403;122162;
Municipios;0468;Collado Mediano;90072;97010;100529;103158;109255;
Municipios;0474;Collado Villalba;1037036;1130758;1140319;1181662;1220659;
Municipios;0455;Colmenar Viejo;879715;926396;1093853;1110598;1212355;
Municipios;0437;Colmenar de Oreja;121511;128827;136100;134957;126264;
Municipios;0421;Colmenar del Arroyo;37498;36955;44539;50979;49969;
Municipios;0442;Colmenarejo;163695;198014;198168;203741;216473;
Municipios;0480;Corpa;5972;5668;5377;5323;6322;
Municipios;0493;Coslada;2059529;2186983;2283290;2409840;2628903;
Municipios;0506;Cubas de la Sagra;71548;79261;87713;89475;98720;
Municipios;0534;Daganzo de Arriba;296746;306244;312231;310985;334279;
Municipios;0549;Escorial (El);225041;235453;238665;249811;264696;
Municipios;0552;Estremera;55364;56555;59887;62955;67380;
Municipios;0565;Fresnedillas de la Oliva;15734;16133;18075;18991;18537;
Municipios;0571;Fresno de Torote;19231;22416;23965;23508;21297;
Municipios;0587;Fuenlabrada;3530283;3676261;3834389;3980942;4125007;
Municipios;0590;Fuente el Saz de Jarama;141765;142165;149671;148933;150096;
Municipios;0604;Fuentidueña de Tajo;28540;31335;32645;32315;33468;
Municipios;0611;Galapagar;373096;380086;391731;413017;424690;
Municipios;0626;Garganta de los Montes;10099;8899;9529;8838;9244;
Municipios;0632;Gargantilla del Lozoya y Pinilla de Buitrago;8484;9738;10255;10716;9953;
Municipios;0647;Gascones;4862;5482;5127;5659;5660;
Municipios;0650;Getafe;4344453;4621165;4877038;5106914;5382812;
Municipios;0663;Griñón;286935;315511;341492;365652;379888;
Municipios;0679;Guadalix de la Sierra;84334;84959;89536;82865;92341;
Municipios;0685;Guadarrama;216182;225562;238618;251444;268146;
Municipios;0698;Hiruela (La);2821;3136;3240;2968;3077;
Municipios;0702;Horcajo de la Sierra-Aoslos;6462;6757;6157;7074;6039;
Municipios;0719;Horcajuelo de la Sierra;4077;4622;4403;4772;4402;
Municipios;0724;Hoyo de Manzanares;110104;111089;115021;116182;123453;
Municipios;0730;Humanes de Madrid;679960;708885;774934;794035;853592;
Municipios;0745;Leganés;4018447;4170318;4340844;4551337;4730356;
Municipios;0758;Loeches;270606;286030;298580;311771;336688;
Municipios;0761;Lozoya;11180;11182;11609;12412;12163;
Municipios;9015;Lozoyuela-Navas-Sieteiglesias;30790;34995;34356;31968;34980;
Municipios;0783;Madarcos;2422;2555;2591;2772;2831;
Municipios;0796;Madrid;124363459;128980357;133661742;140704878;148481247;
Municipios;0800;Majadahonda;1994830;2130933;2232909;2205785;2339318;
Municipios;0822;Manzanares el Real;95501;95249;99351;100465;106606;
Municipios;0838;Meco;372855;384832;417282;479696;542406;
Municipios;0843;Mejorada del Campo;427708;447104;480524;496252;520693;
Municipios;0856;Miraflores de la Sierra;94872;95489;95786;98009;100945;
Municipios;0869;Molar (El);100817;99159;99829;102748;101632;
Municipios;0875;Molinos (Los);53353;53964;57794;56463;58292;
Municipios;0881;Montejo de la Sierra;12650;11191;10600;10813;11808;
Municipios;0894;Moraleja de Enmedio;134789;138744;150502;159676;164368;
Municipios;0908;Moralzarzal;157755;167723;173395;180604;189381;
Municipios;0915;Morata de Tajuña;122697;122859;124732;125831;128058;
Municipios;0920;Móstoles;2895984;3001850;3135876;3256415;3397932;
Municipios;0936;Navacerrada;47651;49973;52304;51227;55500;
Municipios;0941;Navalafuente;12431;12297;14466;15266;16154;
Municipios;0954;Navalagamella;23842;23390;25799;25443;29321;
Municipios;0967;Navalcarnero;470369;517563;515859;537731;609830;
Municipios;0973;Navarredonda y San Mamés;4321;4738;4707;4660;4551;
Municipios;0992;Navas del Rey;37686;37940;44803;47286;53089;
Municipios;1006;Nuevo Baztán;79125;85142;75642;82114;85487;
Municipios;1013;Olmeda de las Fuentes;8517;8260;8070;8041;8306;
Municipios;1028;Orusco de Tajuña;19141;25755;26837;28375;29810;
Municipios;1049;Paracuellos de Jarama;379125;391093;428748;439308;454206;
Municipios;1065;Parla;1202004;1274545;1419798;1475757;1564744;
Municipios;1071;Patones;10369;10306;10527;10351;10464;
Municipios;1087;Pedrezuela;61827;62382;65769;67786;70179;
Municipios;1090;Pelayos de la Presa;33930;34831;35140;37177;39700;
Municipios;1104;Perales de Tajuña;39271;39198;43676;46581;43597;
Municipios;1111;Pezuela de las Torres;13000;12242;12470;11947;12653;
Municipios;1126;Pinilla del Valle;3544;2888;3049;2767;2681;
Municipios;1132;Pinto;1284350;1347122;1381916;1509242;1613525;
Municipios;1147;Piñuécar-Gandullas;4133;4446;4806;4549;4559;
Municipios;1150;Pozuelo de Alarcón;4643967;4708156;5033443;5168001;5433545;
Municipios;1163;Pozuelo del Rey;9731;9471;10200;10358;12175;
Municipios;1179;Prádena del Rincón;3365;3825;4373;4350;5106;
Municipios;1185;Puebla de la Sierra;2187;2067;2334;2927;2273;
Municipios;9020;Puentes Viejas;13735;15303;15763;16292;17883;
Municipios;1198;Quijorna;31705;31320;34804;34407;39248;
Municipios;1202;Rascafría;34217;31875;38539;35077;36558;
Municipios;1219;Redueña;10557;10702;12147;15118;15041;
Municipios;1224;Ribatejada;10827;9802;10694;10719;10838;
Municipios;1230;Rivas-Vaciamadrid;1375258;1531333;1684998;1713520;1816881;
Municipios;1245;Robledillo de la Jara;2554;2627;2745;2619;2642;
Municipios;1258;Robledo de Chavela;56592;55858;60239;62245;67362;
Municipios;1261;Robregordo;2391;2469;2511;2512;2571;
Municipios;1277;Rozas de Madrid (Las);3569916;3694206;3796782;4033097;4124529;
Municipios;1283;Rozas de Puerto Real;42327;43634;20927;26911;28139;
Municipios;1296;San Agustín del Guadalix;263598;280866;303248;321229;323803;
Municipios;1300;San Fernando de Henares;1365271;1431156;1596888;1674086;1798465;
Municipios;1317;San Lorenzo de El Escorial;316761;331486;337489;336676;358479;
Municipios;1338;San Martín de Valdeiglesias;122706;129231;132020;136859;144995;
Municipios;1322;San Martín de la Vega;356176;389782;395715;400647;444241;
Municipios;1343;San Sebastián de los Reyes;2752241;2875426;2976565;3202465;3216281;
Municipios;1356;Santa María de la Alameda;24430;25091;25193;25855;26255;
Municipios;1369;Santorcaz;6163;6098;6502;6352;6354;
Municipios;1375;Santos de la Humosa (Los);24554;23931;26073;25751;27543;
Municipios;1381;Serna del Monte (La);2270;1762;2201;2220;1961;
Municipios;1408;Serranillos del Valle;66806;69918;75714;77569;86902;
Municipios;1415;Sevilla la Nueva;129649;120866;134015;133249;140985;
Municipios;1436;Somosierra;1849;2164;2661;2575;3138;
Municipios;1441;Soto del Real;177787;176545;175347;182697;190639;
Municipios;1454;Talamanca de Jarama;51253;50441;53653;48904;55717;
Municipios;1467;Tielmes;36524;40707;41210;39256;38428;
Municipios;1473;Titulcia;13672;13932;15012;15736;18924;
Municipios;1489;Torrejón de Ardoz;2626836;2698856;2864265;2993299;2977386;
Municipios;1505;Torrejón de Velasco;66817;68328;78741;77332;79379;
Municipios;1492;Torrejón de la Calzada;185926;197384;204164;220456;237668;
Municipios;1512;Torrelaguna;66615;67194;60868;63119;69916;
Municipios;1527;Torrelodones;375963;411941;413970;434504;455288;
Municipios;1533;Torremocha de Jarama;24580;21199;22755;31985;31898;
Municipios;1548;Torres de la Alameda;178752;185719;216205;216608;219057;
Municipios;9036;Tres Cantos;2580976;2672017;2839767;2982396;3198827;
Municipios;1551;Valdaracete;8659;8464;8449;7548;7511;
Municipios;1564;Valdeavero;18205;20053;20489;20829;21428;
Municipios;1570;Valdelaguna;15872;13303;12381;12056;12615;
Municipios;1586;Valdemanco;13839;14395;17514;17548;20179;
Municipios;1599;Valdemaqueda;11213;11001;11758;11124;11862;
Municipios;1603;Valdemorillo;151193;153922;162812;171350;184635;
Municipios;1610;Valdemoro;1241192;1343974;1488368;1605578;1699492;
Municipios;1625;Valdeolmos-Alalpardo;79883;74361;76115;80164;78885;
Municipios;1631;Valdepiélagos;7564;7374;7765;7960;9005;
Municipios;1646;Valdetorres de Jarama;48654;55655;56222;60749;57810;
Municipios;1659;Valdilecha;53371;56216;56337;65362;61310;
Municipios;1662;Valverde de Alcalá;4671;5045;3930;5282;3958;
Municipios;1678;Velilla de San Antonio;226290;229642;239178;241863;231721;
Municipios;1684;Vellón (El);18300;17420;17588;18615;19286;
Municipios;1697;Venturada;34843;34748;40692;46557;56042;
Municipios;1718;Villa del Prado;76096;79389;81514;81212;85716;
Municipios;1701;Villaconejos;42332;43386;43683;43353;42340;
Municipios;1723;Villalbilla;159915;171550;174052;176914;189768;
Municipios;1739;Villamanrique de Tajo;9133;9310;9988;18151;9972;
Municipios;1744;Villamanta;32926;33436;33517;34847;38853;
Municipios;1757;Villamantilla;18890;16481;16583;17530;18642;
Municipios;1782;Villanueva de Perales;23229;23937;24628;23690;19396;
Municipios;1760;Villanueva de la Cañada;360254;374693;376757;395441;417211;
Municipios;1776;Villanueva del Pardillo;197776;211665;229103;237119;250829;
Municipios;1795;Villar del Olmo;18949;19327;20871;21018;22369;
Municipios;1809;Villarejo de Salvanés;161827;166861;171191;167828;172329;
Municipios;1816;Villaviciosa de Odón;557748;636091;630545;640942;680103;
Municipios;1821;Villavieja del Lozoya;4738;3957;4074;4147;4700;
Municipios;1837;Zarzalejo;36417;36877;37316;38131;40164;
(P) Dato provisional ;(A) Avance ;
Notas;
(Base 2015 actualizada);
