Sector agrario.Censo agrario 2020.Ganaderia. Cabezas ganaderas de ovino y/o caprino. Unidad: Número. Fuente: Censo Agrario. INE.;
Serie;;;2020
Comunidad de Madrid;;Comunidad de Madrid;115806;
Zonas Estadísticas;01;Municipio de Madrid ;1011;
Zonas Estadísticas;02;Norte Metropolitano ;13483;
Zonas Estadísticas;03;Este Metropolitano  ;-;
Zonas Estadísticas;04;Sur Metropolitano   ;-;
Zonas Estadísticas;05;Oeste Metropolitano ;-;
Zonas Estadísticas;06;Sierra Norte        ;-;
Zonas Estadísticas;07;Nordeste Comunidad  ;-;
Zonas Estadísticas;08;Sudeste Comunidad   ;-;
Zonas Estadísticas;09;Sudoeste Comunidad  ;-;
Zonas Estadísticas;10;Sierra Sur          ;-;
Zonas Estadísticas;11;Sierra Central      ;-;
Municipios;0014;Acebeda (La);-;
Municipios;0029;Ajalvir;0;
Municipios;0035;Alameda del Valle;0;
Municipios;0040;Alamo (El);-;
Municipios;0053;Alcalá de Henares;-;
Municipios;0066;Alcobendas;0;
Municipios;0072;Alcorcón;0;
Municipios;0088;Aldea del Fresno;995;
Municipios;0091;Algete;1056;
Municipios;0105;Alpedrete;-;
Municipios;0112;Ambite;-;
Municipios;0127;Anchuelo;0;
Municipios;0133;Aranjuez;3607;
Municipios;0148;Arganda del Rey;-;
Municipios;0151;Arroyomolinos;0;
Municipios;0164;Atazar (El);0;
Municipios;0170;Batres;181;
Municipios;0186;Becerril de la Sierra;2190;
Municipios;0199;Belmonte de Tajo;-;
Municipios;0210;Berrueco (El);0;
Municipios;0203;Berzosa del Lozoya;-;
Municipios;0225;Boadilla del Monte;-;
Municipios;0231;Boalo (El);606;
Municipios;0246;Braojos;497;
Municipios;0259;Brea de Tajo;0;
Municipios;0262;Brunete;-;
Municipios;0278;Buitrago del Lozoya;-;
Municipios;0284;Bustarviejo;535;
Municipios;0297;Cabanillas de la Sierra;-;
Municipios;0301;Cabrera (La);-;
Municipios;0318;Cadalso de los Vidrios;1889;
Municipios;0323;Camarma de Esteruelas;0;
Municipios;0339;Campo Real;0;
Municipios;0344;Canencia;-;
Municipios;0357;Carabaña;-;
Municipios;0360;Casarrubuelos;0;
Municipios;0376;Cenicientos;1979;
Municipios;0382;Cercedilla;-;
Municipios;0395;Cervera de Buitrago;-;
Municipios;0513;Chapinería;-;
Municipios;0528;Chinchón;448;
Municipios;0409;Ciempozuelos;2159;
Municipios;0416;Cobeña;0;
Municipios;0468;Collado Mediano;366;
Municipios;0474;Collado Villalba;-;
Municipios;0455;Colmenar Viejo;7503;
Municipios;0437;Colmenar de Oreja;716;
Municipios;0421;Colmenar del Arroyo;653;
Municipios;0442;Colmenarejo;-;
Municipios;0480;Corpa;0;
Municipios;0493;Coslada;0;
Municipios;0506;Cubas de la Sagra;-;
Municipios;0534;Daganzo de Arriba;-;
Municipios;0549;Escorial (El);780;
Municipios;0552;Estremera;1118;
Municipios;0565;Fresnedillas de la Oliva;315;
Municipios;0571;Fresno de Torote;-;
Municipios;0587;Fuenlabrada;-;
Municipios;0590;Fuente el Saz de Jarama;-;
Municipios;0604;Fuentidueña de Tajo;0;
Municipios;0611;Galapagar;91;
Municipios;0626;Garganta de los Montes;63;
Municipios;0632;Gargantilla del Lozoya y Pinilla de Buitrago;-;
Municipios;0647;Gascones;0;
Municipios;0650;Getafe;-;
Municipios;0663;Griñón;0;
Municipios;0679;Guadalix de la Sierra;2677;
Municipios;0685;Guadarrama;374;
Municipios;0698;Hiruela (La);0;
Municipios;0702;Horcajo de la Sierra-Aoslos;-;
Municipios;0719;Horcajuelo de la Sierra;0;
Municipios;0724;Hoyo de Manzanares;1466;
Municipios;0730;Humanes de Madrid;-;
Municipios;0745;Leganés;-;
Municipios;0758;Loeches;0;
Municipios;0761;Lozoya;118;
Municipios;9015;Lozoyuela-Navas-Sieteiglesias;734;
Municipios;0783;Madarcos;-;
Municipios;0796;Madrid;1011;
Municipios;0800;Majadahonda;-;
Municipios;0822;Manzanares el Real;1842;
Municipios;0838;Meco;-;
Municipios;0843;Mejorada del Campo;-;
Municipios;0856;Miraflores de la Sierra;643;
Municipios;0869;Molar (El);2152;
Municipios;0875;Molinos (Los);586;
Municipios;0881;Montejo de la Sierra;-;
Municipios;0894;Moraleja de Enmedio;-;
Municipios;0908;Moralzarzal;-;
Municipios;0915;Morata de Tajuña;93;
Municipios;0920;Móstoles;0;
Municipios;0936;Navacerrada;-;
Municipios;0941;Navalafuente;239;
Municipios;0954;Navalagamella;309;
Municipios;0967;Navalcarnero;3282;
Municipios;0973;Navarredonda y San Mamés;-;
Municipios;0992;Navas del Rey;2467;
Municipios;1006;Nuevo Baztán;0;
Municipios;1013;Olmeda de las Fuentes;-;
Municipios;1028;Orusco de Tajuña;0;
Municipios;1049;Paracuellos de Jarama;-;
Municipios;1065;Parla;-;
Municipios;1071;Patones;0;
Municipios;1087;Pedrezuela;274;
Municipios;1090;Pelayos de la Presa;0;
Municipios;1104;Perales de Tajuña;-;
Municipios;1111;Pezuela de las Torres;-;
Municipios;1126;Pinilla del Valle;0;
Municipios;1132;Pinto;-;
Municipios;1147;Piñuécar-Gandullas;153;
Municipios;1150;Pozuelo de Alarcón;0;
Municipios;1163;Pozuelo del Rey;-;
Municipios;1179;Prádena del Rincón;-;
Municipios;1185;Puebla de la Sierra;695;
Municipios;9020;Puentes Viejas;343;
Municipios;1198;Quijorna;-;
Municipios;1202;Rascafría;-;
Municipios;1219;Redueña;422;
Municipios;1224;Ribatejada;0;
Municipios;1230;Rivas-Vaciamadrid;-;
Municipios;1245;Robledillo de la Jara;0;
Municipios;1258;Robledo de Chavela;3081;
Municipios;1261;Robregordo;-;
Municipios;1277;Rozas de Madrid (Las);748;
Municipios;1283;Rozas de Puerto Real;333;
Municipios;1296;San Agustín del Guadalix;1847;
Municipios;1300;San Fernando de Henares;387;
Municipios;1317;San Lorenzo de El Escorial;-;
Municipios;1338;San Martín de Valdeiglesias;2007;
Municipios;1322;San Martín de la Vega;3746;
Municipios;1343;San Sebastián de los Reyes;1605;
Municipios;1356;Santa María de la Alameda;774;
Municipios;1369;Santorcaz;-;
Municipios;1375;Santos de la Humosa (Los);-;
Municipios;1381;Serna del Monte (La);0;
Municipios;1408;Serranillos del Valle;-;
Municipios;1415;Sevilla la Nueva;-;
Municipios;1436;Somosierra;-;
Municipios;1441;Soto del Real;143;
Municipios;1454;Talamanca de Jarama;109;
Municipios;1467;Tielmes;0;
Municipios;1473;Titulcia;0;
Municipios;1489;Torrejón de Ardoz;-;
Municipios;1505;Torrejón de Velasco;1763;
Municipios;1492;Torrejón de la Calzada;0;
Municipios;1512;Torrelaguna;1279;
Municipios;1527;Torrelodones;0;
Municipios;1533;Torremocha de Jarama;1046;
Municipios;1548;Torres de la Alameda;0;
Municipios;9036;Tres Cantos;1472;
Municipios;1551;Valdaracete;0;
Municipios;1564;Valdeavero;0;
Municipios;1570;Valdelaguna;-;
Municipios;1586;Valdemanco;-;
Municipios;1599;Valdemaqueda;-;
Municipios;1603;Valdemorillo;2324;
Municipios;1610;Valdemoro;-;
Municipios;1625;Valdeolmos-Alalpardo;721;
Municipios;1631;Valdepiélagos;0;
Municipios;1646;Valdetorres de Jarama;2471;
Municipios;1659;Valdilecha;1316;
Municipios;1662;Valverde de Alcalá;0;
Municipios;1678;Velilla de San Antonio;-;
Municipios;1684;Vellón (El);1902;
Municipios;1697;Venturada;513;
Municipios;1718;Villa del Prado;2560;
Municipios;1701;Villaconejos;0;
Municipios;1723;Villalbilla;-;
Municipios;1739;Villamanrique de Tajo;-;
Municipios;1744;Villamanta;7044;
Municipios;1757;Villamantilla;-;
Municipios;1782;Villanueva de Perales;-;
Municipios;1760;Villanueva de la Cañada;-;
Municipios;1776;Villanueva del Pardillo;918;
Municipios;1795;Villar del Olmo;-;
Municipios;1809;Villarejo de Salvanés;1042;
Municipios;1816;Villaviciosa de Odón;97;
Municipios;1821;Villavieja del Lozoya;0;
Municipios;1837;Zarzalejo;1455;
Notas;
Los datos de una explotación agrícola se ubican en el municipio donde dicha explotación tenga la mayor cantidad de SAU y/o ganado.;
;
'-' = dato protegido por secreto estadístico.;
