Sector agrario.Censo agrario 2020.Ganaderia. Cabezas ganaderas de bovino. Unidad: Número. Fuente: Censo Agrario. INE.;
Serie;;;2020
Comunidad de Madrid;;Comunidad de Madrid;93580;
Zonas Estadísticas;01;Municipio de Madrid ;-;
Zonas Estadísticas;02;Norte Metropolitano ;-;
Zonas Estadísticas;03;Este Metropolitano  ;-;
Zonas Estadísticas;04;Sur Metropolitano   ;-;
Zonas Estadísticas;05;Oeste Metropolitano ;-;
Zonas Estadísticas;06;Sierra Norte        ;-;
Zonas Estadísticas;07;Nordeste Comunidad  ;-;
Zonas Estadísticas;08;Sudeste Comunidad   ;-;
Zonas Estadísticas;09;Sudoeste Comunidad  ;-;
Zonas Estadísticas;10;Sierra Sur          ;-;
Zonas Estadísticas;11;Sierra Central      ;-;
Municipios;0014;Acebeda (La);-;
Municipios;0029;Ajalvir;-;
Municipios;0035;Alameda del Valle;887;
Municipios;0040;Alamo (El);0;
Municipios;0053;Alcalá de Henares;0;
Municipios;0066;Alcobendas;0;
Municipios;0072;Alcorcón;-;
Municipios;0088;Aldea del Fresno;-;
Municipios;0091;Algete;-;
Municipios;0105;Alpedrete;-;
Municipios;0112;Ambite;-;
Municipios;0127;Anchuelo;0;
Municipios;0133;Aranjuez;2456;
Municipios;0148;Arganda del Rey;232;
Municipios;0151;Arroyomolinos;0;
Municipios;0164;Atazar (El);0;
Municipios;0170;Batres;-;
Municipios;0186;Becerril de la Sierra;509;
Municipios;0199;Belmonte de Tajo;0;
Municipios;0210;Berrueco (El);172;
Municipios;0203;Berzosa del Lozoya;-;
Municipios;0225;Boadilla del Monte;0;
Municipios;0231;Boalo (El);1524;
Municipios;0246;Braojos;603;
Municipios;0259;Brea de Tajo;-;
Municipios;0262;Brunete;-;
Municipios;0278;Buitrago del Lozoya;1223;
Municipios;0284;Bustarviejo;621;
Municipios;0297;Cabanillas de la Sierra;723;
Municipios;0301;Cabrera (La);522;
Municipios;0318;Cadalso de los Vidrios;-;
Municipios;0323;Camarma de Esteruelas;0;
Municipios;0339;Campo Real;0;
Municipios;0344;Canencia;1982;
Municipios;0357;Carabaña;-;
Municipios;0360;Casarrubuelos;0;
Municipios;0376;Cenicientos;854;
Municipios;0382;Cercedilla;1027;
Municipios;0395;Cervera de Buitrago;-;
Municipios;0513;Chapinería;-;
Municipios;0528;Chinchón;-;
Municipios;0409;Ciempozuelos;409;
Municipios;0416;Cobeña;149;
Municipios;0468;Collado Mediano;504;
Municipios;0474;Collado Villalba;386;
Municipios;0455;Colmenar Viejo;8621;
Municipios;0437;Colmenar de Oreja;1509;
Municipios;0421;Colmenar del Arroyo;2624;
Municipios;0442;Colmenarejo;249;
Municipios;0480;Corpa;0;
Municipios;0493;Coslada;0;
Municipios;0506;Cubas de la Sagra;0;
Municipios;0534;Daganzo de Arriba;-;
Municipios;0549;Escorial (El);2898;
Municipios;0552;Estremera;-;
Municipios;0565;Fresnedillas de la Oliva;302;
Municipios;0571;Fresno de Torote;0;
Municipios;0587;Fuenlabrada;-;
Municipios;0590;Fuente el Saz de Jarama;-;
Municipios;0604;Fuentidueña de Tajo;0;
Municipios;0611;Galapagar;968;
Municipios;0626;Garganta de los Montes;1405;
Municipios;0632;Gargantilla del Lozoya y Pinilla de Buitrago;372;
Municipios;0647;Gascones;720;
Municipios;0650;Getafe;438;
Municipios;0663;Griñón;-;
Municipios;0679;Guadalix de la Sierra;4036;
Municipios;0685;Guadarrama;2282;
Municipios;0698;Hiruela (La);-;
Municipios;0702;Horcajo de la Sierra-Aoslos;636;
Municipios;0719;Horcajuelo de la Sierra;451;
Municipios;0724;Hoyo de Manzanares;183;
Municipios;0730;Humanes de Madrid;-;
Municipios;0745;Leganés;0;
Municipios;0758;Loeches;0;
Municipios;0761;Lozoya;1286;
Municipios;9015;Lozoyuela-Navas-Sieteiglesias;953;
Municipios;0783;Madarcos;321;
Municipios;0796;Madrid;-;
Municipios;0800;Majadahonda;-;
Municipios;0822;Manzanares el Real;1743;
Municipios;0838;Meco;-;
Municipios;0843;Mejorada del Campo;-;
Municipios;0856;Miraflores de la Sierra;2286;
Municipios;0869;Molar (El);101;
Municipios;0875;Molinos (Los);1395;
Municipios;0881;Montejo de la Sierra;714;
Municipios;0894;Moraleja de Enmedio;1869;
Municipios;0908;Moralzarzal;1692;
Municipios;0915;Morata de Tajuña;-;
Municipios;0920;Móstoles;454;
Municipios;0936;Navacerrada;361;
Municipios;0941;Navalafuente;860;
Municipios;0954;Navalagamella;613;
Municipios;0967;Navalcarnero;471;
Municipios;0973;Navarredonda y San Mamés;315;
Municipios;0992;Navas del Rey;405;
Municipios;1006;Nuevo Baztán;0;
Municipios;1013;Olmeda de las Fuentes;-;
Municipios;1028;Orusco de Tajuña;0;
Municipios;1049;Paracuellos de Jarama;63;
Municipios;1065;Parla;0;
Municipios;1071;Patones;632;
Municipios;1087;Pedrezuela;381;
Municipios;1090;Pelayos de la Presa;-;
Municipios;1104;Perales de Tajuña;0;
Municipios;1111;Pezuela de las Torres;-;
Municipios;1126;Pinilla del Valle;395;
Municipios;1132;Pinto;0;
Municipios;1147;Piñuécar-Gandullas;974;
Municipios;1150;Pozuelo de Alarcón;0;
Municipios;1163;Pozuelo del Rey;192;
Municipios;1179;Prádena del Rincón;693;
Municipios;1185;Puebla de la Sierra;-;
Municipios;9020;Puentes Viejas;992;
Municipios;1198;Quijorna;-;
Municipios;1202;Rascafría;2600;
Municipios;1219;Redueña;-;
Municipios;1224;Ribatejada;-;
Municipios;1230;Rivas-Vaciamadrid;1065;
Municipios;1245;Robledillo de la Jara;-;
Municipios;1258;Robledo de Chavela;2236;
Municipios;1261;Robregordo;576;
Municipios;1277;Rozas de Madrid (Las);0;
Municipios;1283;Rozas de Puerto Real;502;
Municipios;1296;San Agustín del Guadalix;771;
Municipios;1300;San Fernando de Henares;0;
Municipios;1317;San Lorenzo de El Escorial;1563;
Municipios;1338;San Martín de Valdeiglesias;426;
Municipios;1322;San Martín de la Vega;1440;
Municipios;1343;San Sebastián de los Reyes;-;
Municipios;1356;Santa María de la Alameda;3011;
Municipios;1369;Santorcaz;-;
Municipios;1375;Santos de la Humosa (Los);-;
Municipios;1381;Serna del Monte (La);315;
Municipios;1408;Serranillos del Valle;0;
Municipios;1415;Sevilla la Nueva;-;
Municipios;1436;Somosierra;672;
Municipios;1441;Soto del Real;1791;
Municipios;1454;Talamanca de Jarama;-;
Municipios;1467;Tielmes;-;
Municipios;1473;Titulcia;-;
Municipios;1489;Torrejón de Ardoz;0;
Municipios;1505;Torrejón de Velasco;-;
Municipios;1492;Torrejón de la Calzada;-;
Municipios;1512;Torrelaguna;-;
Municipios;1527;Torrelodones;0;
Municipios;1533;Torremocha de Jarama;0;
Municipios;1548;Torres de la Alameda;0;
Municipios;9036;Tres Cantos;597;
Municipios;1551;Valdaracete;0;
Municipios;1564;Valdeavero;0;
Municipios;1570;Valdelaguna;0;
Municipios;1586;Valdemanco;124;
Municipios;1599;Valdemaqueda;-;
Municipios;1603;Valdemorillo;1691;
Municipios;1610;Valdemoro;-;
Municipios;1625;Valdeolmos-Alalpardo;-;
Municipios;1631;Valdepiélagos;-;
Municipios;1646;Valdetorres de Jarama;0;
Municipios;1659;Valdilecha;-;
Municipios;1662;Valverde de Alcalá;0;
Municipios;1678;Velilla de San Antonio;-;
Municipios;1684;Vellón (El);225;
Municipios;1697;Venturada;-;
Municipios;1718;Villa del Prado;763;
Municipios;1701;Villaconejos;-;
Municipios;1723;Villalbilla;0;
Municipios;1739;Villamanrique de Tajo;0;
Municipios;1744;Villamanta;-;
Municipios;1757;Villamantilla;-;
Municipios;1782;Villanueva de Perales;-;
Municipios;1760;Villanueva de la Cañada;0;
Municipios;1776;Villanueva del Pardillo;-;
Municipios;1795;Villar del Olmo;0;
Municipios;1809;Villarejo de Salvanés;691;
Municipios;1816;Villaviciosa de Odón;-;
Municipios;1821;Villavieja del Lozoya;513;
Municipios;1837;Zarzalejo;397;
Notas;
Los datos de una explotación agrícola se ubican en el municipio donde dicha explotación tenga la mayor cantidad de SAU y/o ganado.;
;
'-' = dato protegido por secreto estadístico.;
